headword,CEFR,POS,POS2,POS3,POS4,INFO
a,A1,an indefinite article,,,,
about,A1,prep.,adv.,,,
above,A1,prep.,adv.,,,
across,A1,prep.,adv.,,,
action,A1,n.,,,,
activity,A1,n.,,,,
actor,A1,n.,,,,
actress,A1,n.,,,,
add,A1,v.,,,,
address,A1,n.,,,,
adult,A1,n.,,,,
advice,A1,n.,,,,
afraid,A1,adj.,,,,
after,A1,prep.,,,,
afternoon,A1,n.,,,,
again,A1,adv.,,,,
age,A1,n.,,,,
ago,A1,adv.,,,,
agree,A1,v.,,,,
air,A1,n.,,,,
airport,A1,n.,,,,
all,A1,det.,pron.,,,
also,A1,adv.,,,,
always,A1,adv.,,,,
amazing,A1,adj.,,,,
and,A1,conj.,,,,
angry,A1,adj.,,,,
animal,A1,n.,,,,
another,A1,det./pron.,,,,
answer,A1,n.,v.,,,
any,A1,det.,pron.,,,
anyone,A1,pron.,,,,
anything,A1,pron.,,,,
apartment,A1,n.,,,,
apple,A1,n.,,,,
April,A1,n.,,,,
area,A1,n.,,,,
arm,A1,n.,,,,
around,A1,prep.,adv.,,,
arrive,A1,v.,,,,
art,A1,n.,,,,
article,A1,n.,,,,
artist,A1,n.,,,,
as,A1,prep.,,,,
ask,A1,v.,,,,
at,A1,prep.,,,,
August,A1,n.,,,,
aunt,A1,n.,,,,
away,A1,adv.,,,,
awesome,A1,adj.,,,,
baby,A1,n.,,,,
back,A1,n.,adv.,,,
bad,A1,adj.,,,,
bag,A1,n.,,,,
ball,A1,n.,,,,
banana,A1,n.,,,,
bank,A1,n.,,,,(money)
bar,A1,n.,,,,
baseball,A1,n.,,,,
basketball,A1,n.,,,,
bath,A1,n.,,,,
bathroom,A1,n.,,,,
be,A1,v.,auxiliary v.,,,
beach,A1,n.,,,,
beautiful,A1,adj.,,,,
because,A1,conj.,,,,
become,A1,v.,,,,
bed,A1,n.,,,,
bedroom,A1,n.,,,,
beer,A1,n.,,,,
before,A1,prep.,,,,
begin,A1,v.,,,,
beginning,A1,n.,,,,
behind,A1,prep.,adv.,,,
believe,A1,v.,,,,
below,A1,adv.,prep.,,,
best,A1,adj.,,,,
better,A1,adj.,,,,
between,A1,prep.,,,,
bicycle,A1,n.,,,,
big,A1,adj.,,,,
bike,A1,n.,,,,
bill,A1,n.,,,,
bird,A1,n.,,,,
birthday,A1,n.,,,,
black,A1,adj.,n.,,,
blog,A1,n.,,,,
blond,A1,adj.,,,,
blue,A1,adj.,n.,,,
boat,A1,n.,,,,
body,A1,n.,,,,
book,A1,n.,,,,
boot,A1,n.,,,,
bored,A1,adj.,,,,
boring,A1,adj.,,,,
born,A1,v.,,,,
both,A1,det./pron.,,,,
bottle,A1,n.,,,,
box,A1,n.,,,,
boy,A1,n.,,,,
boyfriend,A1,n.,,,,
bread,A1,n.,,,,
break,A1,v.,n.,,,
breakfast,A1,n.,,,,
bring,A1,v.,,,,
brother,A1,n.,,,,
brown,A1,adj.,n.,,,
build,A1,v.,,,,
building,A1,n.,,,,
bus,A1,n.,,,,
business,A1,n.,,,,
busy,A1,adj.,,,,
but,A1,conj.,,,,
butter,A1,n.,,,,
buy,A1,v.,,,,
by,A1,prep.,,,,
bye,A1,exclam.,,,,
cafe,A1,n.,,,,
cake,A1,n.,,,,
call,A1,v.,n.,,,
camera,A1,n.,,,,
can,A1,modal,v.,,,
cannot,A1,modal,v.,,,
capital,A1,n.,adj.,,,
car,A1,n.,,,,
card,A1,n.,,,,
career,A1,n.,,,,
carrot,A1,n.,,,,
carry,A1,v.,,,,
cat,A1,n.,,,,
CD,A1,n.,,,,
cent,A1,n.,,,,
center,A1,n.,,,,
chair,A1,n.,,,,
change,A1,v.,n.,,,
chart,A1,n.,,,,
cheap,A1,adj.,,,,
check,A1,v.,,,,
cheese,A1,n.,,,,
chicken,A1,n.,,,,
child,A1,n.,,,,
chocolate,A1,n.,,,,
choose,A1,v.,,,,
city,A1,n.,,,,
class,A1,n.,,,,
classroom,A1,n.,,,,
clean,A1,adj.,v.,,,
climb,A1,v.,,,,
clock,A1,n.,,,,
close,A1,v.,,,,
clothes,A1,n.,,,,
club,A1,n.,,,,
coat,A1,n.,,,,
coffee,A1,n.,,,,
cold,A1,adj.,n.,,,
college,A1,n.,,,,
color,A1,n.,,,,
come,A1,v.,,,,
common,A1,adj.,,,,
company,A1,n.,,,,
compare,A1,v.,,,,
complete,A1,adj.,v.,,,
computer,A1,n.,,,,
concert,A1,n.,,,,
conversation,A1,n.,,,,
cook,A1,v.,,,,
cooking,A1,n.,,,,
cool,A1,adj.,,,,
correct,A1,adj.,v.,,,
cost,A1,n.,v.,,,
could,A1,modal,v.,,,
country,A1,n.,,,,
course,A1,n.,,,,
cousin,A1,n.,,,,
cow,A1,n.,,,,
cream,A1,n.,,,,
create,A1,v.,,,,
culture,A1,n.,,,,
cup,A1,n.,,,,
customer,A1,n.,,,,
cut,A1,v.,,,,
dad,A1,n.,,,,
dance,A1,n.,v.,,,
dancer,A1,n.,,,,
dancing,A1,n.,,,,
dangerous,A1,adj.,,,,
dark,A1,adj.,,,,
date,A1,n.,,,,
daughter,A1,n.,,,,
day,A1,n.,,,,
dear,A1,adj.,,,,
December,A1,n.,,,,
decide,A1,v.,,,,
delicious,A1,adj.,,,,
describe,A1,v.,,,,
description,A1,n.,,,,
design,A1,n.,v.,,,
desk,A1,n.,,,,
detail,A1,n.,,,,
dialogue,A1,n.,,,,
dictionary,A1,n.,,,,
die,A1,v.,,,,
diet,A1,n.,,,,
difference,A1,n.,,,,
different,A1,adj.,,,,
difficult,A1,adj.,,,,
dinner,A1,n.,,,,
dirty,A1,adj.,,,,
discuss,A1,v.,,,,
dish,A1,n.,,,,
do,A1,v.,auxiliary v.,,,
doctor,A1,n.,,,,
dog,A1,n.,,,,
dollar,A1,n.,,,,
door,A1,n.,,,,
down,A1,adv.,prep.,,,
downstairs,A1,adv.,,,,
draw,A1,v.,,,,
dress,A1,n.,v.,,,
drink,A1,n.,v.,,,
drive,A1,v.,,,,
driver,A1,n.,,,,
during,A1,prep.,,,,
DVD,A1,n.,,,,
each,A1,det./pron./adv.,,,,
ear,A1,n.,,,,
early,A1,adj.,adv.,,,
east,A1,n.,adj.,adv.,,
easy,A1,adj.,,,,
egg,A1,n.,,,,
eight,A1,number,,,,
eighteen,A1,number,,,,
eighty,A1,number,,,,
elephant,A1,n.,,,,
eleven,A1,number,,,,
else,A1,adv.,,,,
email,A1,n.,v.,,,
end,A1,n.,v.,,,
enjoy,A1,v.,,,,
enough,A1,det.,pron.,adv.,,
euro,A1,n.,,,,
even,A1,adv.,,,,
evening,A1,n.,,,,
event,A1,n.,,,,
ever,A1,adv.,,,,
every,A1,det.,,,,
everybody,A1,pron.,,,,
everyone,A1,pron.,,,,
everything,A1,pron.,,,,
exam,A1,n.,,,,
example,A1,n.,,,,
excited,A1,adj.,,,,
exciting,A1,adj.,,,,
exercise,A1,n.,v.,,,
expensive,A1,adj.,,,,
explain,A1,v.,,,,
extra,A1,adj.,,,,
eye,A1,n.,,,,
face,A1,n.,,,,
fact,A1,n.,,,,
fall,A1,v.,n.,,,
FALSE,A1,adj.,,,,
family,A1,n.,adj.,,,
famous,A1,adj.,,,,
fantastic,A1,adj.,,,,
far,A1,adv.,,,,
farm,A1,n.,,,,
farmer,A1,n.,,,,
fast,A1,adj.,adv.,,,
fat,A1,adj.,,,,
father,A1,n.,,,,
favorite,A1,adj.,n.,,,
February,A1,n.,,,,
feel,A1,v.,,,,
feeling,A1,n.,,,,
festival,A1,n.,,,,
few,A1,det./adj.,pron.,,,
fifteen,A1,number,,,,
fifth,A1,number,,,,
fifty,A1,number,,,,
fill,A1,v.,,,,
final,A1,adj.,,,,
find,A1,v.,,,,
fine,A1,adj.,,,,
finish,A1,v.,,,,
fire,A1,n.,,,,
first,A1,det./number,adv.,,,
fish,A1,n.,,,,
five,A1,number,,,,
flight,A1,n.,,,,
floor,A1,n.,,,,
flower,A1,n.,,,,
fly,A1,v.,,,,
follow,A1,v.,,,,
food,A1,n.,,,,
foot,A1,n.,,,,
football,A1,n.,,,,
for,A1,prep.,,,,
forget,A1,v.,,,,
form,A1,n.,v.,,,
forty,A1,number,,,,
four,A1,number,,,,
fourteen,A1,number,,,,
fourth,A1,number,,,,
free,A1,adj.,,,,
Friday,A1,n.,,,,
friend,A1,n.,,,,
friendly,A1,adj.,,,,
from,A1,prep.,,,,
front,A1,n.,adj.,,,
fruit,A1,n.,,,,
full,A1,adj.,,,,
fun,A1,n.,,,,
funny,A1,adj.,,,,
future,A1,n.,,,,
game,A1,n.,,,,
garden,A1,n.,,,,
geography,A1,n.,,,,
get,A1,v.,,,,
girl,A1,n.,,,,
girlfriend,A1,n.,,,,
give,A1,v.,,,,
glass,A1,n.,,,,
go,A1,v.,,,,
good,A1,adj.,,,,
goodbye,A1,exclam./n.,,,,
grandfather,A1,n.,,,,
grandmother,A1,n.,,,,
grandparent,A1,n.,,,,
gray,A1,adj.,n.,,,
great,A1,adj.,,,,
green,A1,adj.,n.,,,
group,A1,n.,,,,
grow,A1,v.,,,,
guess,A1,v.,n.,,,
guitar,A1,n.,,,,
gym,A1,n.,,,,
hair,A1,n.,,,,
half,A1,n.,det./pron.,,,
hand,A1,n.,,,,
happen,A1,v.,,,,
happy,A1,adj.,,,,
hard,A1,adj.,adv.,,,
hat,A1,n.,,,,
hate,A1,v.,,,,
have,A1,v.,,,,
have,A1,to,modal v.,,,
he,A1,pron.,,,,
head,A1,n.,,,,
health,A1,n.,,,,
healthy,A1,adj.,,,,
hear,A1,v.,,,,
hello,A1,exclam./n.,,,,
help,A1,v.,n.,,,
her,A1,pron.,det.,,,
here,A1,adv.,,,,
hey,A1,exclam.,,,,
hi,A1,exclam.,,,,
high,A1,adj.,,,,
him,A1,pron.,,,,
his,A1,det.,,,,
history,A1,n.,,,,
hobby,A1,n.,,,,
home,A1,n.,adv.,,,
homework,A1,n.,,,,
hope,A1,v.,,,,
horse,A1,n.,,,,
hospital,A1,n.,,,,
hot,A1,adj.,,,,
hotel,A1,n.,,,,
hour,A1,n.,,,,
house,A1,n.,,,,
how,A1,adv.,,,,
however,A1,adv.,,,,
hundred,A1,number,,,,
hungry,A1,adj.,,,,
husband,A1,n.,,,,
I,A1,pron.,,,,
ice,A1,n.,,,,
ice,A1,cream,n.,,,
idea,A1,n.,,,,
if,A1,conj.,,,,
imagine,A1,v.,,,,
important,A1,adj.,,,,
improve,A1,v.,,,,
in,A1,prep.,adv.,,,
include,A1,v.,,,,
information,A1,n.,,,,
interest,A1,n.,v.,,,
interested,A1,adj.,,,,
interesting,A1,adj.,,,,
internet,A1,n.,,,,
interview,A1,n.,v.,,,
into,A1,prep.,,,,
introduce,A1,v.,,,,
island,A1,n.,,,,
it,A1,pron.,,,,
its,A1,det.,,,,
jacket,A1,n.,,,,
January,A1,n.,,,,
jeans,A1,n.,,,,
job,A1,n.,,,,
join,A1,v.,,,,
juice,A1,n.,,,,
July,A1,n.,,,,
June,A1,n.,,,,
just,A1,adv.,,,,
keep,A1,v.,,,,
key,A1,n.,adj.,,,
kind,A1,n.,,,,(type)
kitchen,A1,n.,,,,
know,A1,v.,,,,
land,A1,n.,,,,
language,A1,n.,,,,
large,A1,adj.,,,,
last,A1,det.,,,,(final)
late,A1,adj.,adv.,,,
later,A1,adv.,,,,
laugh,A1,v.,n.,,,
learn,A1,v.,,,,
leave,A1,v.,,,,
left,A1,adj.,adv.,n.,,
leg,A1,n.,,,,
lesson,A1,n.,,,,
let,A1,v.,,,,
letter,A1,n.,,,,
library,A1,n.,,,,
lie,A1,v.,,,,
life,A1,n.,,,,
light,A1,n.,adj.,,,(from the sun/a lamp)
like,A1,prep.,,,,(similar).
like,A1,v.,,,,(find sb/sth pleasant) 
line,A1,n.,,,,
lion,A1,n.,,,,
list,A1,n.,v.,,,
listen,A1,v.,,,,
little,A1,adj.,det./pron.,,,
live,A1,v.,,,,
local,A1,adj.,,,,
long,A1,adj.,adv.,,,
look,A1,v.,,,,
lose,A1,v.,,,,
lot,A1,pron.,det.,adv.,,
love,A1,n.,v.,,,
lunch,A1,n.,,,,
machine,A1,n.,,,,
magazine,A1,n.,,,,
main,A1,adj.,,,,
make,A1,v.,,,,
mall,A1,n.,,,,
man,A1,n.,,,,
many,A1,det./pron.,,,,
map,A1,n.,,,,
March,A1,n.,,,,
market,A1,n.,,,,
married,A1,adj.,,,,
match,A1,n.,v.,,,(contest/correspond)
May,A1,n.,,,,
maybe,A1,adv.,,,,
me,A1,pron.,,,,
meal,A1,n.,,,,
mean,A1,v.,,,,
meaning,A1,n.,,,,
meat,A1,n.,,,,
meet,A1,v.,,,,
meeting,A1,n.,,,,
member,A1,n.,,,,
menu,A1,n.,,,,
message,A1,n.,,,,
meter,A1,n.,,,,
midnight,A1,n.,,,,
mile,A1,n.,,,,
milk,A1,n.,,,,
million,A1,number,,,,
minute,A1,n.,,,,
miss,A1,v.,,,,
mistake,A1,n.,,,,
model,A1,n.,,,,
modern,A1,adj.,,,,
mom,A1,n.,,,,
moment,A1,n.,,,,
Monday,A1,n.,,,,
money,A1,n.,,,,
month,A1,n.,,,,
more,A1,det./pron.,adv.,,,
morning,A1,n.,,,,
most,A1,det./pron.,adv.,,,
mother,A1,n.,,,,
mountain,A1,n.,,,,
mouse,A1,n.,,,,
mouth,A1,n.,,,,
move,A1,v.,,,,
movie,A1,n.,,,,
much,A1,det./pron.,adv.,,,
museum,A1,n.,,,,
music,A1,n.,,,,
must,A1,modal,v.,,,
my,A1,det.,,,,
name,A1,n.,v.,,,
natural,A1,adj.,,,,
near,A1,prep.,adj.,adv.,,
need,A1,v.,,,,
negative,A1,adj.,,,,
neighbor,A1,n.,,,,
neighborhood,A1,n.,,,,
never,A1,adv.,,,,
new,A1,adj.,,,,
newspaper,A1,n.,,,,
next,A1,adj.,adv.,,,
next,A1,to,prep.,,,
nice,A1,adj.,,,,
night,A1,n.,,,,
nine,A1,number,,,,
nineteen,A1,number,,,,
ninety,A1,number,,,,
no,A1,exclam.,det.,,,
no,A1,one,pron.,,,
nobody,A1,pron.,,,,
north,A1,n.,adj.,adv.,,
nose,A1,n.,,,,
not,A1,adv.,,,,
note,A1,n.,,,,
nothing,A1,pron.,,,,
November,A1,n.,,,,
now,A1,adv.,,,,
number,A1,n.,,,,
nurse,A1,n.,,,,
object,A1,n.,,,,
ocean,A1,n.,,,,
o’clock,A1,adv.,,,,
October,A1,n.,,,,
of,A1,prep.,,,,
off,A1,adv.,prep.,,,
office,A1,n.,,,,
often,A1,adv.,,,,
oh,A1,exclam.,,,,
OK,A1,exclam.,adj./adv.,,,
old,A1,adj.,,,,
on,A1,prep.,adv.,,,
once,A1,adv.,,,,
one,A1,number/det.,pron.,,,
onion,A1,n.,,,,
online,A1,adj.,adv.,,,
only,A1,adj.,adv.,,,
open,A1,adj.,v.,,,
opinion,A1,n.,,,,
opposite,A1,adj.,n.,prep.,adv.,
or,A1,conj.,,,,
orange,A1,n.,adj.,,,
order,A1,n.,v.,,,
other,A1,adj./pron.,,,,
our,A1,det.,,,,
out,A1,adv./prep.,,,,
outside,A1,adv.,,,,
over,A1,prep.,adv.,,,
own,A1,adj./pron.,,,,
page,A1,n.,,,,
paint,A1,v.,n.,,,
painting,A1,n.,,,,
pair,A1,n.,,,,
pants,A1,n.,,,,
paper,A1,n.,,,,
paragraph,A1,n.,,,,
parent,A1,n.,,,,
park,A1,n.,v.,,,
part,A1,n.,,,,
partner,A1,n.,,,,
party,A1,n.,,,,
passport,A1,n.,,,,
past,A1,adj.,n.,prep.,,
pay,A1,v.,,,,
pen,A1,n.,,,,
pencil,A1,n.,,,,
people,A1,n.,,,,
pepper,A1,n.,,,,
perfect,A1,adj.,,,,
person,A1,n.,,,,
personal,A1,adj.,,,,
phone,A1,n.,v.,,,
photo,A1,n.,,,,
photograph,A1,n.,,,,
phrase,A1,n.,,,,
piano,A1,n.,,,,
picture,A1,n.,,,,
piece,A1,n.,,,,
pig,A1,n.,,,,
pink,A1,adj.,n.,,,
place,A1,n.,,,,
plan,A1,n.,v.,,,
plane,A1,n.,,,,
plant,A1,n.,,,,
play,A1,v.,n.,,,
player,A1,n.,,,,
please,A1,exclam.,,,,
point,A1,n.,,,,
police,A1,n.,,,,
policeman,A1,n.,,,,
pool,A1,n.,,,,
poor,A1,adj.,,,,
popular,A1,adj.,,,,
positive,A1,adj.,,,,
possible,A1,adj.,,,,
post,A1,n.,v.,,,
potato,A1,n.,,,,
pound,A1,n.,,,,
practice,A1,n.,v.,,,
prefer,A1,v.,,,,
prepare,A1,v.,,,,
present,A1,adj.,n.,,,
pretty,A1,adj.,adv.,,,
price,A1,n.,,,,
probably,A1,adv.,,,,
problem,A1,n.,,,,
product,A1,n.,,,,
program,A1,n.,,,,
project,A1,n.,,,,
purple,A1,adj.,n.,,,
put,A1,v.,,,,
quarter,A1,n.,,,,
question,A1,n.,,,,
quick,A1,adj.,,,,
quickly,A1,adv.,,,,
quiet,A1,adj.,,,,
quite,A1,adv.,,,,
radio,A1,n.,,,,
rain,A1,n.,v.,,,
read,A1,v.,,,,
reader,A1,n.,,,,
reading,A1,n.,,,,
ready,A1,adj.,,,,
real,A1,adj.,,,,
really,A1,adv.,,,,
reason,A1,n.,,,,
red,A1,adj.,n.,,,
relax,A1,v.,,,,
remember,A1,v.,,,,
repeat,A1,v.,,,,
report,A1,n.,,,,
restaurant,A1,n.,,,,
result,A1,n.,,,,
return,A1,v.,n.,,,
rice,A1,n.,,,,
rich,A1,adj.,,,,
ride,A1,v.,,,,
right,A1,adj.,adv.,n.,,
river,A1,n.,,,,
road,A1,n.,,,,
room,A1,n.,,,,
routine,A1,n.,,,,
rule,A1,n.,,,,
run,A1,v.,,,,
sad,A1,adj.,,,,
salad,A1,n.,,,,
salt,A1,n.,,,,
same,A1,adj.,pron.,adv.,,
sandwich,A1,n.,,,,
Saturday,A1,n.,,,,
say,A1,v.,,,,
school,A1,n.,,,,
science,A1,n.,,,,
scientist,A1,n.,,,,
second,A1,det./number,,,,(next after the first)
second,A1,n.,,,,(unit of time)
section,A1,n.,,,,
see,A1,v.,,,,
sell,A1,v.,,,,
send,A1,v.,,,,
sentence,A1,n.,,,,
September,A1,n.,,,,
seven,A1,number,,,,
seventeen,A1,number,,,,
seventy,A1,number,,,,
share,A1,v.,,,,
she,A1,pron.,,,,
sheep,A1,n.,,,,
shirt,A1,n.,,,,
shoe,A1,n.,,,,
shop,A1,n.,v.,,,
shopping,A1,n.,,,,
short,A1,adj.,,,,
should,A1,modal v.,,,,
show,A1,v.,n.,,,
shower,A1,n.,,,,
sick,A1,adj.,,,,
similar,A1,adj.,,,,
sing,A1,v.,,,,
singer,A1,n.,,,,
sister,A1,n.,,,,
sit,A1,v.,,,,
situation,A1,n.,,,,
six,A1,number,,,,
sixteen,A1,number,,,,
sixty,A1,number,,,,
skill,A1,n.,,,,
skirt,A1,n.,,,,
sleep,A1,v.,,,,
slow,A1,adj.,,,,
small,A1,adj.,,,,
smart,A1,adj.,,,,
snake,A1,n.,,,,
snow,A1,n.,v.,,,
so,A1,adv.,conj.,,,
some,A1,det.,pron.,,,
somebody,A1,pron.,,,,
someone,A1,pron.,,,,
something,A1,pron.,,,,
sometimes,A1,adv.,,,,
son,A1,n.,,,,
song,A1,n.,,,,
soon,A1,adv.,,,,
sorry,A1,adj.,exclam.,,,
sound,A1,n.,v.,,,
soup,A1,n.,,,,
south,A1,n.,adj.,adv.,,
space,A1,n.,,,,
speak,A1,v.,,,,
special,A1,adj.,,,,
spell,A1,v.,,,,
spelling,A1,n.,,,,
spend,A1,v.,,,,
sport,A1,n.,,,,
spring,A1,n.,,,,
stand,A1,v.,,,,
star,A1,n.,,,,
start,A1,v.,,,,
statement,A1,n.,,,,
station,A1,n.,,,,
stay,A1,v.,,,,
still,A1,adv.,,,,
stop,A1,v.,n.,,,
store,A1,n.,,,,
story,A1,n.,,,,
street,A1,n.,,,,
strong,A1,adj.,,,,
student,A1,n.,,,,
study,A1,n.,v.,,,
style,A1,n.,,,,
subject,A1,n.,,,,
success,A1,n.,,,,
sugar,A1,n.,,,,
summer,A1,n.,,,,
sun,A1,n.,,,,
Sunday,A1,n.,,,,
supermarket,A1,n.,,,,
sure,A1,adj.,,,,
sweater,A1,n.,,,,
swim,A1,v.,,,,
swimming,A1,n.,,,,
table,A1,n.,,,,
take,A1,v.,,,,
talk,A1,v.,,,,
tall,A1,adj.,,,,
taxi,A1,n.,,,,
tea,A1,n.,,,,
teach,A1,v.,,,,
teacher,A1,n.,,,,
team,A1,n.,,,,
teenager,A1,n.,,,,
telephone,A1,n.,v.,,,
television,A1,n.,,,,
tell,A1,v.,,,,
ten,A1,number,,,,
tennis,A1,n.,,,,
terrible,A1,adj.,,,,
test,A1,n.,v.,,,
text,A1,n.,,,,
than,A1,conj.,,,,
thank,A1,v.,,,,
thanks,A1,exclam.,n.,,,
that,A1,det.,pron.,conj.,,
the,A1,definite article,,,,
theater,A1,n.,,,,
their,A1,det.,,,,
them,A1,pron.,,,,
then,A1,adv.,,,,
there,A1,adv.,,,,
they,A1,pron.,,,,
thing,A1,n.,,,,
think,A1,v.,,,,
third,A1,number,,,,
thirsty,A1,adj.,,,,
thirteen,A1,number,,,,
thirty,A1,number,,,,
this,A1,det./pron.,,,,
three,A1,number,,,,
through,A1,prep.,adv.,,,
Thursday,A1,n.,,,,
ticket,A1,n.,,,,
time,A1,n.,,,,
tired,A1,adj.,,,,
title,A1,n.,,,,
to,A1,prep.,infinitive marker,,,
today,A1,adv.,n.,,,
together,A1,adv.,,,,
toilet,A1,n.,,,,
tomato,A1,n.,,,,
tomorrow,A1,adv.,n.,,,
tonight,A1,adv.,n.,,,
too,A1,adv.,,,,
tooth,A1,n.,,,,
topic,A1,n.,,,,
tourist,A1,n.,,,,
town,A1,n.,,,,
traffic,A1,n.,,,,
train,A1,n.,,,,
travel,A1,v.,n.,,,
tree,A1,n.,,,,
trip,A1,n.,,,,
truck,A1,n.,,,,
TRUE,A1,adj.,,,,
try,A1,v.,,,,
T-shirt,A1,n.,,,,
Tuesday,A1,n.,,,,
turn,A1,v.,n.,,,
TV,A1,n.,,,,
twelve,A1,number,,,,
twenty,A1,number,,,,
twice,A1,adv.,,,,
two,A1,number,,,,
type,A1,n.,,,,
umbrella,A1,n.,,,,
uncle,A1,n.,,,,
under,A1,prep.,adv.,,,
understand,A1,v.,,,,
university,A1,n.,,,,
until,A1,conj./prep.,,,,
up,A1,adv.,prep.,,,
upstairs,A1,adv.,,,,
us,A1,pron.,,,,
use,A1,v.,,,,
useful,A1,adj.,,,,
usually,A1,adv.,,,,
vacation,A1,n.,,,,
vegetable,A1,n.,,,,
very,A1,adv.,,,,
video,A1,n.,,,,
visit,A1,v.,n.,,,
visitor,A1,n.,,,,
wait,A1,v.,,,,
waiter,A1,n.,,,,
wake,A1,v.,,,,
walk,A1,v.,n.,,,
wall,A1,n.,,,,
want,A1,v.,,,,
warm,A1,adj.,,,,
wash,A1,v.,,,,
watch,A1,v.,n.,,,
water,A1,n.,,,,
way,A1,n.,,,,
we,A1,pron.,,,,
wear,A1,v.,,,,
weather,A1,n.,,,,
website,A1,n.,,,,
Wednesday,A1,n.,,,,
week,A1,n.,,,,
weekend,A1,n.,,,,
welcome,A1,exclam.,v.,adj.,,
well,A1,adv.,adj.,exclam.,,
west,A1,n.,adj.,adv.,,
what,A1,pron./det.,,,,
when,A1,adv.,pron.,conj.,,
where,A1,adv.,conj.,,,
which,A1,pron./det.,,,,
white,A1,adj.,n.,,,
who,A1,pron.,,,,
why,A1,adv.,,,,
wife,A1,n.,,,,
will,A1,modal,v.,,,
win,A1,v.,,,,
window,A1,n.,,,,
wine,A1,n.,,,,
winter,A1,n.,,,,
with,A1,prep.,,,,
without,A1,prep.,,,,
woman,A1,n.,,,,
wonderful,A1,adj.,,,,
word,A1,n.,,,,
work,A1,v.,n.,,,
worker,A1,n.,,,,
world,A1,n.,,,,
would,A1,modal,v.,,,
write,A1,v.,,,,
writer,A1,n.,,,,
writing,A1,n.,,,,
wrong,A1,adj.,,,,
yard,A1,n.,,,,
yeah,A1,exclam.,,,,
year,A1,n.,,,,
yellow,A1,adj.,n.,,,
yes,A1,exclam.,,,,
yesterday,A1,adv.,n.,,,
you,A1,pron.,,,,
young,A1,adj.,,,,
your,A1,det.,,,,
yourself,A1,pron.,,,,
ability,A2,n.,,,,
able,A2,adj.,,,,
accept,A2,v.,,,,
accident,A2,n.,,,,
according,A2,to,prep.,,,
achieve,A2,v.,,,,
act,A2,v.,,,,
active,A2,adj.,,,,
actually,A2,adv.,,,,
adult,A2,adj.,,,,
advantage,A2,n.,,,,
adventure,A2,n.,,,,
advertise,A2,v.,,,,
advertisement,A2,n.,,,,
advertising,A2,n.,,,,
affect,A2,v.,,,,
after,A2,conj.,adv.,,,
against,A2,prep.,,,,
ah,A2,exclam.,,,,
airline,A2,n.,,,,
alive,A2,adj.,,,,
all,A2,adv.,,,,
all,A2,right,adj./adv.,,,
allow,A2,v.,,,,
almost,A2,adv.,,,,
alone,A2,adj./adv.,,,,
along,A2,prep.,adv.,,,
already,A2,adv.,,,,
alternative,A2,n.,,,,
although,A2,conj.,,,,
among,A2,prep.,,,,
amount,A2,n.,,,,
analyze,A2,v.,,,,
ancient,A2,adj.,,,,
ankle,A2,n.,,,,
any,A2,adv.,,,,
anybody,A2,pron.,,,,
anymore,A2,adv.,,,,
anyway,A2,adv.,,,,
anywhere,A2,adv.,pron.,,,
app,A2,n.,,,,
appear,A2,v.,,,,
appearance,A2,n.,,,,
apply,A2,v.,,,,
architect,A2,n.,,,,
architecture,A2,n.,,,,
argue,A2,v.,,,,
argument,A2,n.,,,,
army,A2,n.,,,,
arrange,A2,v.,,,,
arrangement,A2,n.,,,,
as,A2,adv.,conj.,,,
asleep,A2,adj.,,,,
assistant,A2,n.,adj.,,,
athlete,A2,n.,,,,
attack,A2,n.,v.,,,
attend,A2,v.,,,,
attention,A2,n.,exclam.,,,
attractive,A2,adj.,,,,
audience,A2,n.,,,,
author,A2,n.,,,,
available,A2,adj.,,,,
average,A2,adj.,n.,,,
avoid,A2,v.,,,,
award,A2,n.,,,,
awful,A2,adj.,,,,
back,A2,adj.,,,,
background,A2,n.,,,,
badly,A2,adv.,,,,
based,A2,adj.,,,,
bean,A2,n.,,,,
bear,A2,n.,,,,(animal)
beat,A2,v.,,,,
beef,A2,n.,,,,
before,A2,conj.,adv.,,,
behave,A2,v.,,,,
behavior,A2,n.,,,,
belong,A2,v.,,,,
belt,A2,n.,,,,
benefit,A2,n.,,,,
best,A2,adv.,n.,,,
better,A2,adv.,,,,
between,A2,adv.,,,,
billion,A2,number,,,,
biology,A2,n.,,,,
birth,A2,n.,,,,
bit,A2,n.,,,,
blank,A2,adj.,n.,,,
block,A2,n.,,,,
blood,A2,n.,,,,
blow,A2,v.,,,,
board,A2,n.,,,,
boil,A2,v.,,,,
bone,A2,n.,,,,
book,A2,v.,,,,
borrow,A2,v.,,,,
boss,A2,n.,,,,
bottom,A2,n.,adj.,,,
bowl,A2,n.,,,,
brain,A2,n.,,,,
bridge,A2,n.,,,,
bright,A2,adj.,,,,
brilliant,A2,adj.,,,,
broken,A2,adj.,,,,
brush,A2,v.,n.,,,
burn,A2,v.,,,,
businessman,A2,n.,,,,
button,A2,n.,,,,
camp,A2,n.,v.,,,
camping,A2,n.,,,,
campus,A2,n.,,,,
can2,A2,n.,,,,
candy,A2,n.,,,,
care,A2,n.,v.,,,
careful,A2,adj.,,,,
carefully,A2,adv.,,,,
carpet,A2,n.,,,,
cartoon,A2,n.,,,,
case,A2,n.,,,,
cash,A2,n.,,,,
catch,A2,v.,,,,
cause,A2,n.,v.,,,
celebrate,A2,v.,,,,
celebrity,A2,n.,,,,
cell,A2,n.,,,,
century,A2,n.,,,,
certain,A2,adj.,,,,
certainly,A2,adv.,,,,
chance,A2,n.,,,,
character,A2,n.,,,,
charity,A2,n.,,,,
chat,A2,v.,n.,,,
check,A2,n.,,,,
chef,A2,n.,,,,
chemistry,A2,n.,,,,
chip,A2,n.,,,,
choice,A2,n.,,,,
church,A2,n.,,,,
cigarette,A2,n.,,,,
circle,A2,n.,v.,,,
classical,A2,adj.,,,,
clear,A2,adj.,,,,
clearly,A2,adv.,,,,
clerk,A2,n.,,,,
climate,A2,n.,,,,
close2,A2,adj.,,,,
closed,A2,adj.,,,,
closet,A2,n.,,,,
clothing,A2,n.,,,,
cloud,A2,n.,,,,
coach,A2,n.,,,,
coast,A2,n.,,,,
code,A2,n.,,,,
colleague,A2,n.,,,,
collect,A2,v.,,,,
column,A2,n.,,,,
comedy,A2,n.,,,,
comfortable,A2,adj.,,,,
comment,A2,n.,,,,
communicate,A2,v.,,,,
community,A2,n.,,,,
compete,A2,v.,,,,
competition,A2,n.,,,,
complain,A2,v.,,,,
condition,A2,n.,,,,
conference,A2,n.,,,,
connect,A2,v.,,,,
connected,A2,adj.,,,,
consider,A2,v.,,,,
contain,A2,v.,,,,
context,A2,n.,,,,
continent,A2,n.,,,,
continue,A2,v.,,,,
control,A2,n.,v.,,,
cook,A2,n.,,,,
cookie,A2,n.,,,,
copy,A2,n.,v.,,,
corner,A2,n.,,,,
correctly,A2,adv.,,,,
count,A2,v.,,,,
couple,A2,n.,,,,
cover,A2,v.,,,,
crazy,A2,adj.,,,,
creative,A2,adj.,,,,
credit,A2,n.,,,,
crime,A2,n.,,,,
criminal,A2,n.,,,,
cross,A2,v.,n.,,,
crowd,A2,n.,,,,
crowded,A2,adj.,,,,
cry,A2,v.,,,,
curly,A2,adj.,,,,
cycle,A2,n.,v.,,,
daily,A2,adj.,,,,
danger,A2,n.,,,,
dark,A2,n.,,,,
data,A2,n.,,,,
dead,A2,adj.,,,,
deal,A2,v.,,,,
death,A2,n.,,,,
decision,A2,n.,,,,
deep,A2,adj.,,,,
definitely,A2,adv.,,,,
degree,A2,n.,,,,
dentist,A2,n.,,,,
department,A2,n.,,,,
depend,A2,v.,,,,
desert,A2,n.,,,,
designer,A2,n.,,,,
dessert,A2,n.,,,,
destroy,A2,v.,,,,
detective,A2,n.,,,,
develop,A2,v.,,,,
device,A2,n.,,,,
diary,A2,n.,,,,
differently,A2,adv.,,,,
digital,A2,adj.,,,,
direct,A2,adj.,,,,
direction,A2,n.,,,,
director,A2,n.,,,,
disagree,A2,v.,,,,
disappear,A2,v.,,,,
disaster,A2,n.,,,,
discover,A2,v.,,,,
discovery,A2,n.,,,,
discussion,A2,n.,,,,
disease,A2,n.,,,,
distance,A2,n.,,,,
divorced,A2,adj.,,,,
document,A2,n.,,,,
double,A2,adj.,det.,pron.,v.,
download,A2,v.,n.,,,
downstairs,A2,adj.,,,,
drama,A2,n.,,,,
drawing,A2,n.,,,,
dream,A2,n.,v.,,,
drive,A2,n.,,,,
driving,A2,n.,,,,
drop,A2,v.,,,,
drug,A2,n.,,,,
dry,A2,adj.,v.,,,
earn,A2,v.,,,,
earth,A2,n.,,,,
easily,A2,adv.,,,,
education,A2,n.,,,,
effect,A2,n.,,,,
either,A2,det./pron.,adv.,,,
electric,A2,adj.,,,,
electrical,A2,adj.,,,,
electricity,A2,n.,,,,
electronic,A2,adj.,,,,
elevator,A2,n.,,,,
employ,A2,v.,,,,
employee,A2,n.,,,,
employer,A2,n.,,,,
empty,A2,adj.,,,,
ending,A2,n.,,,,
energy,A2,n.,,,,
engine,A2,n.,,,,
engineer,A2,n.,,,,
enormous,A2,adj.,,,,
enter,A2,v.,,,,
environment,A2,n.,,,,
equipment,A2,n.,,,,
error,A2,n.,,,,
especially,A2,adv.,,,,
essay,A2,n.,,,,
everyday,A2,adj.,,,,
everywhere,A2,adv.,,,,
evidence,A2,n.,,,,
exact,A2,adj.,,,,
exactly,A2,adv.,,,,
excellent,A2,adj.,,,,
except,A2,prep.,,,,
exist,A2,v.,,,,
expect,A2,v.,,,,
experience,A2,n.,,,,
experiment,A2,n.,,,,
expert,A2,n.adj.,,,,
explanation,A2,n.,,,,
express,A2,v.,,,,
expression,A2,n.,,,,
extreme,A2,adj.,,,,
extremely,A2,adv.,,,,
factor,A2,n.,,,,
factory,A2,n.,,,,
fail,A2,v.,,,,
fair,A2,adj.,,,,
fan,A2,n.,,,,
farm,A2,v.,,,,
farming,A2,n.,,,,
fashion,A2,n.,,,,
fat,A2,n.,,,,
fear,A2,n.,,,,
feature,A2,n.,,,,
feed,A2,v.,,,,
female,A2,adj.,n.,,,
fever,A2,n.,,,,
fiction,A2,n.,,,,
field,A2,n.,,,,
fight,A2,v.,n.,,,
figure,A2,n.,,,,
film,A2,n.,v.,,,
final,A2,n.,,,,
finally,A2,adv.,,,,
finger,A2,n.,,,,
finish,A2,n.,,,,
fire,A2,v.,,,,
first,A2,n.,,,,
fish,A2,v.,,,,
fishing,A2,n.,,,,
fit,A2,v.,adj.,,,
fix,A2,v.,,,,
flat,A2,adj.,,,,
flu,A2,n.,,,,
fly,A2,n.,,,,
flying,A2,n.,adj.,,,
focus,A2,v.,n.,,,
following,A2,adj.,,,,
foreign,A2,adj.,,,,
forest,A2,n.,,,,
fork,A2,n.,,,,
formal,A2,adj.,,,,
fortunately,A2,adv.,,,,
forward,A2,adv.,,,,
free,A2,adv.,,,,
fresh,A2,adj.,,,,
frog,A2,n.,,,,
fun,A2,adj.,,,,
furniture,A2,n.,,,,
further,A2,adj.,,,,
future,A2,adj.,,,,
gallery,A2,n.,,,,
gap,A2,n.,,,,
garbage,A2,n.,,,,
gas,A2,n.,,,,
gate,A2,n.,,,,
general,A2,adj.,,,,
gift,A2,n.,,,,
goal,A2,n.,,,,
god,A2,n.,,,,
gold,A2,n.,adj.,,,
golf,A2,n.,,,,
good,A2,n.,,,,
government,A2,n.,,,,
grass,A2,n.,,,,
greet,A2,v.,,,,
grocery,A2,n.,,,,
ground,A2,n.,,,,
guest,A2,n.,,,,
guide,A2,n.,v.,,,
gun,A2,n.,,,,
guy,A2,n.,,,,
habit,A2,n.,,,,
half,A2,adv.,,,,
hall,A2,n.,,,,
happily,A2,adv.,,,,
have,A2,auxiliary v.,,,,
headache,A2,n.,,,,
heart,A2,n.,,,,
heat,A2,n.,v.,,,
heavy,A2,adj.,,,,
height,A2,n.,,,,
helpful,A2,adj.,,,,
hero,A2,n.,,,,
hers,A2,pron.,,,,
herself,A2,pron.,,,,
hide,A2,v.,,,,
high,A2,adv.,,,,
hill,A2,n.,,,,
himself,A2,pron.,,,,
his,A2,pron.,,,,
hit,A2,v.,n.,,,
hockey,A2,n.,,,,
hold,A2,v.,,,,
hole,A2,n.,,,,
holiday,A2,n.,,,,
home,A2,adj.,,,,
hope,A2,n.,,,,
huge,A2,adj.,,,,
human,A2,adj.,n.,,,
hurt,A2,v.,adj.,,,
ideal,A2,adj.,,,,
identify,A2,v.,,,,
ill,A2,adj.,,,,
illness,A2,n.,,,,
image,A2,n.,,,,
immediately,A2,adv.,,,,
impossible,A2,adj.,,,,
included,A2,adj.,,,,
including,A2,prep.,,,,
increase,A2,v.,n.,,,
incredible,A2,adj.,,,,
independent,A2,adj.,,,,
individual,A2,n.,adj.,,,
industry,A2,n.,,,,
informal,A2,adj.,,,,
injury,A2,n.,,,,
insect,A2,n.,,,,
inside,A2,prep.,adv.,n.,adj.,
instead,A2,adv.,,,,
instruction,A2,n.,,,,
instructor,A2,n.,,,,
instrument,A2,n.,,,,
intelligent,A2,adj.,,,,
international,A2,adj.,,,,
introduction,A2,n.,,,,
invent,A2,v.,,,,
invention,A2,n.,,,,
invitation,A2,n.,,,,
invite,A2,v.,,,,
involve,A2,v.,,,,
item,A2,n.,,,,
itself,A2,pron.,,,,
jam,A2,n.,,,,
jazz,A2,n.,,,,
jewelry,A2,n.,,,,
joke,A2,n.,v.,,,
journalist,A2,n.,,,,
jump,A2,v.,n.,,,
kid,A2,n.,,,,
kill,A2,v.,,,,
kilometer,A2,n.,,,,
king,A2,n.,,,,
knee,A2,n.,,,,
knife,A2,n.,,,,
knock,A2,v.,,,,
knowledge,A2,n.,,,,
lab,A2,n.,,,,
lady,A2,n.,,,,
lake,A2,n.,,,,
lamp,A2,n.,,,,
land,A2,v.,,,,
laptop,A2,n.,,,,
last,A2,adv.,n.,,,(final)
last,A2,v.,,,,(taking time)
later,A2,adj.,,,,
laughter,A2,n.,,,,
law,A2,n.,,,,
lawyer,A2,n.,,,,
lazy,A2,adj.,,,,
lead,A2,v.,,,,
learning,A2,n.,,,,
least,A2,det./pron.,adv.,,,
lecture,A2,n.,v.,,,
lemon,A2,n.,,,,
lend,A2,v.,,,,
less,A2,det./pron.,adv.,,,
level,A2,n.,,,,
lifestyle,A2,n.,,,,
lift,A2,v.,,,,
light,A2,v.,,,,(from the sun/a lamp)
light,A2,adj.,,,,(not heavy) 
likely,A2,adj.,,,,
link,A2,n.,v.,,,
listener,A2,n.,,,,
little,A2,adv.,,,,
lock,A2,v.,n.,,,
look,A2,n.,,,,
lost,A2,adj.,,,,
loud,A2,adj.,adv.,,,
loudly,A2,adv.,,,,
low,A2,adj.,adv.,,,
luck,A2,n.,,,,
lucky,A2,adj.,,,,
mail,A2,n.,v.,,,
major,A2,adj.,,,,
male,A2,adj.,n.,,,
manage,A2,v.,,,,
manager,A2,n.,,,,
manner,A2,n.,,,,
mark,A2,v.,n.,,,
marry,A2,v.,,,,
material,A2,n.,,,,
math,A2,n.,,,,
mathematics,A2,n.,,,,
matter,A2,n.,v.,,,
may,A2,modal,v.,,,
mayor,A2,n.,,,,
media,A2,n.,,,,
medical,A2,adj.,,,,
medicine,A2,n.,,,,
memory,A2,n.,,,,
mention,A2,v.,,,,
metal,A2,n.,,,,
method,A2,n.,,,,
middle,A2,n.,adj.,,,
might,A2,modal,v.,,,
mind,A2,n.,v.,,,
mine,A2,pron.,,,,(belongs to me)
mirror,A2,n.,,,,
missing,A2,adj.,,,,
monkey,A2,n.,,,,
moon,A2,n.,,,,
mostly,A2,adv.,,,,
motorcycle,A2,n.,,,,
movement,A2,n.,,,,
musical,A2,adj.,,,,
musician,A2,n.,,,,
myself,A2,pron.,,,,
narrow,A2,adj.,,,,
national,A2,adj.,,,,
nature,A2,n.,,,,
nearly,A2,adv.,,,,
necessary,A2,adj.,,,,
neck,A2,n.,,,,
need,A2,n.,,,,
neither,A2,det./pron.,,,,
nervous,A2,adj.,,,,
network,A2,n.,,,,
noise,A2,n.,,,,
none,A2,pron.,,,,
normal,A2,adj.,,,,
normally,A2,adv.,,,,
notice,A2,v.,n.,,,
novel,A2,n.,,,,
nowhere,A2,adv.,,,,
number,A2,v.,,,,
nut,A2,n.,,,,
offer,A2,v.,n.,,,
officer,A2,n.,,,,
oil,A2,n.,,,,
onto,A2,prep.,,,,
opportunity,A2,n.,,,,
option,A2,n.,,,,
ordinary,A2,adj.,,,,
organization,A2,n.,,,,
organize,A2,v.,,,,
original,A2,adj.,,,,
ourselves,A2,pron.,,,,
outside,A2,prep.,n.,adj.,,
oven,A2,n.,,,,
overseas,A2,adv.,,,,
own,A2,v.,,,,
owner,A2,n.,,,,
pack,A2,v.,,,,
pain,A2,n.,,,,
painter,A2,n.,,,,
palace,A2,n.,,,,
parking,A2,n.,,,,
particular,A2,adj.,,,,
pass,A2,v.,,,,
passenger,A2,n.,,,,
past,A2,adv.,,,,
patient,A2,n.,,,,
pattern,A2,n.,,,,
pay,A2,n.,,,,
peace,A2,n.,,,,
penny,A2,n.,,,,
per,A2,prep.,,,,
percent,A2,noun.,adj./adv.,,,
perform,A2,v.,,,,
perhaps,A2,adv.,,,,
permission,A2,n.,,,,
personality,A2,n.,,,,
pet,A2,n.,,,,
photograph,A2,v.,,,,
physical,A2,adj.,,,,
physics,A2,n.,,,,
pick,A2,v.,,,,
pilot,A2,n.,,,,
planet,A2,n.,,,,
plant,A2,v.,,,,
plastic,A2,n.,adj.,,,
plate,A2,n.,,,,
platform,A2,n.,,,,
please,A2,v.,,,,
pleased,A2,adj.,,,,
pocket,A2,n.,,,,
polite,A2,adj.,,,,
pollution,A2,n.,,,,
pop,A2,n.,adj.,,,
population,A2,n.,,,,
position,A2,n.,,,,
possession,A2,n.,,,,
possibility,A2,n.,,,,
poster,A2,n.,,,,
power,A2,n.,,,,
predict,A2,v.,,,,
present,A2,v.,,,,
president,A2,n.,,,,
prevent,A2,v.,,,,
print,A2,v.,,,,
printer,A2,n.,,,,
prison,A2,n.,,,,
prize,A2,n.,,,,
process,A2,n.,,,,
produce,A2,v.,,,,
professional,A2,adj.,,,,
professor,A2,n.,,,,
profile,A2,n.,,,,
progress,A2,n.,,,,
promise,A2,v.,n.,,,
pronounce,A2,v.,,,,
protect,A2,v.,,,,
provide,A2,v.,,,,
public,A2,adj.,n.,,,
publish,A2,v.,,,,
pull,A2,v.,,,,
purpose,A2,n.,,,,
push,A2,v.,,,,
quality,A2,n.,,,,
quantity,A2,n.,,,,
queen,A2,n.,,,,
question,A2,v.,,,,
quietly,A2,adv.,,,,
race,A2,n.,v.,,,(competition)
railroad,A2,n.,,,,
raise,A2,v.,,,,
rate,A2,n.,,,,
rather,A2,adv.,,,,
reach,A2,v.,,,,
react,A2,v.,,,,
realize,A2,v.,,,,
receive,A2,v.,,,,
recent,A2,adj.,,,,
recently,A2,adv.,,,,
reception,A2,n.,,,,
recipe,A2,n.,,,,
recognize,A2,v.,,,,
recommend,A2,v.,,,,
record,A2,n.,v.,,,
recording,A2,n.,,,,
recycle,A2,v.,,,,
reduce,A2,v.,,,,
refer,A2,v.,,,,
refrigerator,A2,n.,,,,
refuse,A2,v.,,,,
region,A2,n.,,,,
regular,A2,adj.,,,,
relationship,A2,n.,,,,
remove,A2,v.,,,,
repair,A2,v.,,,,
replace,A2,v.,,,,
reply,A2,v.,n.,,,
report,A2,v.,,,,
reporter,A2,n.,,,,
request,A2,n.,,,,
research,A2,n.,v.,,,
researcher,A2,n.,,,,
respond,A2,v.,,,,
response,A2,n.,,,,
rest,A2,n.,,,,(remaining part)
rest,A2,n.,v.,,,(sleep relax)
review,A2,n.,v.,,,
ride,A2,n.,,,,
ring,A2,n.,,,,
ring,A2,v.,,,,
rise,A2,v.,,,,
rock,A2,n.,,,,(stone)
rock,A2,n.,,,,(music)
role,A2,n.,,,,
roof,A2,n.,,,,
round,A2,adj.,adv.,prep.,,
route,A2,n.,,,,
rude,A2,adj.,,,,
run,A2,n.,,,,
runner,A2,n.,,,,
running,A2,n.,,,,
sadly,A2,adv.,,,,
safe,A2,adj.,,,,
sail,A2,v.,,,,
sailing,A2,n.,,,,
salary,A2,n.,,,,
sale,A2,n.,,,,
sauce,A2,n.,,,,
save,A2,v.,,,,
scared,A2,adj.,,,,
scary,A2,adj.,,,,
scene,A2,n.,,,,
schedule,A2,n.,,,,
score,A2,v.,n.,,,
screen,A2,n.,,,,
sea,A2,n.,,,,
search,A2,n.,v.,,,
season,A2,n.,,,,
seat,A2,n.,,,,
second,A2,adv.,,,,(next after the first)
secret,A2,adj.,n.,,,
secretary,A2,n.,,,,
seem,A2,v.,,,,
sense,A2,n.,,,,
separate,A2,adj.,,,,
series,A2,n.,,,,
serious,A2,adj.,,,,
serve,A2,v.,,,,
service,A2,n.,,,,
several,A2,det./pron.,,,,
shake,A2,v.,,,,
shape,A2,n.,,,,
sheet,A2,n.,,,,
ship,A2,n.,,,,
shoulder,A2,n.,,,,
shout,A2,v.,n.,,,
shut,A2,v.,adj.,,,
side,A2,n.,,,,
sign,A2,n.,v.,,,
silver,A2,n.,adj.,,,
simple,A2,adj.,,,,
since,A2,prep.,conj.,,,
singing,A2,n.,,,,
single,A2,adj.,n.,,,
sir,A2,n.,,,,
site,A2,n.,,,,
size,A2,n.,,,,
ski,A2,v.,adj.,n.,,
skiing,A2,n.,,,,
skin,A2,n.,,,,
sky,A2,n.,,,,
sleep,A2,n.,,,,
slowly,A2,adv.,,,,
smartphone,A2,n.,,,,
smell,A2,v.,n.,,,
smile,A2,v.,n.,,,
smoke,A2,n.,v.,,,
smoking,A2,n.,,,,
sneaker,A2,n.,,,,
soap,A2,n.,,,,
soccer,A2,n.,,,,
social,A2,adj.,,,,
sock,A2,n.,,,,
soft,A2,adj.,,,,
soldier,A2,n.,,,,
solution,A2,n.,,,,
solve,A2,v.,,,,
somewhere,A2,adv.,pron.,,,
sort,A2,n.,,,,
source,A2,n.,,,,
speaker,A2,n.,,,,
specific,A2,adj.,,,,
speech,A2,n.,,,,
speed,A2,n.,,,,
spider,A2,n.,,,,
spoon,A2,n.,,,,
square,A2,adj.,n.,,,
stage,A2,n.,,,,
stair,A2,n.,,,,
stamp,A2,n.,,,,
star,A2,v.,,,,
start,A2,n.,,,,
state,A2,n.,,,,
stay,A2,n.,,,,
steal,A2,v.,,,,
step,A2,n.,,,,
stomach,A2,n.,,,,
stone,A2,n.,,,,
storm,A2,n.,v.,,,
stove,A2,n.,,,,
straight,A2,adv.,adj.,,,
strange,A2,adj.,,,,
strategy,A2,n.,,,,
stress,A2,n.,v.,,,
structure,A2,n.,,,,
stupid,A2,adj.,,,,
subway,A2,n.,,,,
succeed,A2,v.,,,,
successful,A2,adj.,,,,
such,A2,det./pron.,,,,
suddenly,A2,adv.,,,,
suggest,A2,v.,,,,
suggestion,A2,n.,,,,
suit,A2,n.,,,,
support,A2,v.,n.,,,
suppose,A2,v.,,,,
sure,A2,adv.,,,,
surprise,A2,n.,v.,,,
surprised,A2,adj.,,,,
surprising,A2,adj.,,,,
survey,A2,n.,,,,
sweet,A2,adj.,n.,,,
symbol,A2,n.,,,,
system,A2,n.,,,,
tablet,A2,n.,,,,
talk,A2,n.,,,,
target,A2,n.,,,,
task,A2,n.,,,,
taste,A2,n.,v.,,,
teaching,A2,n.,,,,
technology,A2,n.,,,,
teenage,A2,adj.,,,,
temperature,A2,n.,,,,
term,A2,n.,,,,
text,A2,v.,,,,
themselves,A2,pron.,,,,
thick,A2,adj.,,,,
thief,A2,n.,,,,
thin,A2,adj.,,,,
thinking,A2,n.,,,,
third,A2,n.,,,,
thought,A2,n.,,,,
throw,A2,v.,,,,
tie,A2,v.,n.,,,
tip,A2,n.,,,,
tool,A2,n.,,,,
top,A2,n.,adj.,,,
touch,A2,v.,,,,
tour,A2,n.,,,,
tourism,A2,n.,,,,
toward,A2,prep.,,,,
towel,A2,n.,,,,
tower,A2,n.,,,,
toy,A2,n.,adj.,,,
track,A2,n.,,,,
tradition,A2,n.,,,,
traditional,A2,adj.,,,,
train,A2,v.,,,,
training,A2,n.,,,,
transportation,A2,n.,,,,
trash,A2,n.,,,,
traveler,A2,n.,,,,
trouble,A2,n.,,,,
twin,A2,n.,adj.,,,
typical,A2,adj.,,,,
underground,A2,adj.,adv.,,,
understanding,A2,n.,,,,
unfortunately,A2,adv.,,,,
unhappy,A2,adj.,,,,
uniform,A2,n.,,,,
unit,A2,n.,,,,
united,A2,adj.,,,,
unusual,A2,adj.,,,,
upstairs,A2,adj.,,,,
use,A2,n.,,,,
used,A2,to,modal,v.,,
user,A2,n.,,,,
usual,A2,adj.,,,,
valley,A2,n.,,,,
variety,A2,n.,,,,
vehicle,A2,n.,,,,
view,A2,n.,,,,
village,A2,n.,,,,
virus,A2,n.,,,,
voice,A2,n.,,,,
wait,A2,n.,,,,
war,A2,n.,,,,
wash,A2,n.,,,,
washing,A2,n.,,,,
wave,A2,n.,,,,
weak,A2,adj.,,,,
web,A2,n.,,,,
wedding,A2,n.,,,,
weight,A2,n.,,,,
welcome,A2,n.,,,,
wet,A2,adj.,,,,
wheel,A2,n.,,,,
while,A2,conj.,,,,
whole,A2,adj.,,,,
whose,A2,det./pron.,,,,
wide,A2,adj.,,,,
wild,A2,adj.,,,,
wind,A2,n.,,,,
winner,A2,n.,,,,
wish,A2,v,n.,,,
wood,A2,n.,,,,
wooden,A2,adj.,,,,
working,A2,adj.,,,,
worried,A2,adj.,,,,
worry,A2,v.,,,,
worse,A2,adj.,,,,
worst,A2,adj.,,,,
wow,A2,exclam.,,,,
yet,A2,adv.,,,,
yours,A2,pron.,,,,
zero,A2,number,,,,
absolutely,B1,adv.,,,,
academic,B1,adj.,,,,
access,B1,n.,v.,,,
account,B1,n.,,,,
achievement,B1,n.,,,,
act,B1,n.,,,,
ad,B1,n.,,,,
addition,B1,n.,,,,
administration,B1,n.,,,,
admire,B1,v.,,,,
admit,B1,v.,,,,
advanced,B1,adj.,,,,
advise,B1,v.,,,,
afford,B1,v.,,,,
age,B1,v.,,,,
agent,B1,n.,,,,
agreement,B1,n.,,,,
ahead,B1,adv.,,,,
aim,B1,v.,n.,,,
alarm,B1,n.,,,,
album,B1,n.,,,,
alcohol,B1,n.,,,,
alcoholic,B1,adj.,,,,
alternative,B1,adj.,,,,
amazed,B1,adj.,,,,
ambition,B1,n.,,,,
analysis,B1,n.,,,,
announce,B1,v.,,,,
announcement,B1,n.,,,,
annoy,B1,v.,,,,
annoyed,B1,adj.,,,,
annoying,B1,adj.,,,,
apart,B1,adv.,,,,
apologize,B1,v.,,,,
application,B1,n.,,,,
appointment,B1,n.,,,,
appreciate,B1,v.,,,,
approximately,B1,adv.,,,,
arrest,B1,v.,n.,,,
arrival,B1,n.,,,,
assignment,B1,n.,,,,
assist,B1,v.,,,,
atmosphere,B1,n.,,,,
attach,B1,v.,,,,
attitude,B1,n.,,,,
attract,B1,v.,,,,
attraction,B1,n.,,,,
authority,B1,n.,,,,
automatic,B1,adj.,,,,
automatically,B1,adv.,,,,
average,B1,v.,,,,
award,B1,v.,,,,
aware,B1,adj.,,,,
backward,B1,adv.,,,,
bake,B1,v.,,,,
balance,B1,n.,v.,,,
ban,B1,v.,n.,,,
bank,B1,n.,,,,(river)
base,B1,n.,v.,,,
basic,B1,adj.,,,,
basis,B1,n.,,,,
battery,B1,n.,,,,
battle,B1,n.,,,,
beauty,B1,n.,,,,
bee,B1,n.,,,,
belief,B1,n.,,,,
bell,B1,n.,,,,
bend,B1,v.,n.,,,
benefit,B1,v.,,,,
better,B1,n.,,,,
bite,B1,v.,n.,,,
block,B1,v.,,,,
board,B1,v.,,,,
bomb,B1,n.,v.,,,
border,B1,n.,,,,
bother,B1,v.,,,,
branch,B1,n.,,,,
brand,B1,n.,v.,,,
brave,B1,adj.,,,,
breath,B1,n.,,,,
breathe,B1,v.,,,,
breathing,B1,n.,,,,
bride,B1,n.,,,,
bubble,B1,n.,,,,
bury,B1,v.,,,,
by,B1,adv.,,,,
cable,B1,n.,,,,
calm,B1,adj.,v.,n.,,
campaign,B1,n.,v.,,,
candidate,B1,n.,,,,
cap,B1,n.,,,,
captain,B1,n.,,,,
careless,B1,adj.,,,,
category,B1,n.,,,,
ceiling,B1,n.,,,,
celebration,B1,n.,,,,
center,B1,v.,,,,
central,B1,adj.,,,,
ceremony,B1,n.,,,,
chain,B1,n.,,,,
challenge,B1,n.,,,,
champion,B1,n.,,,,
channel,B1,n.,,,,
chapter,B1,n.,,,,
charge,B1,n.,v.,,,
cheap,B1,adv.,,,,
cheat,B1,v.,n.,,,
cheerful,B1,adj.,,,,
chemical,B1,adj.,n.,,,
chest,B1,n.,,,,
childhood,B1,n.,,,,
claim,B1,v.,n.,,,
clause,B1,n.,,,,
clear,B1,v.,,,,
clever,B1,adj.,,,,
click,B1,v.,n.,,,
client,B1,n.,,,,
climb,B1,n.,,,,
close2,B1,adv.,,,,
cloth,B1,n.,,,,
clue,B1,n.,,,,
coach,B1,v.,,,,
coal,B1,n.,,,,
coin,B1,n.,,,,
collection,B1,n.,,,,
colored,B1,adj.,,,,
combine,B1,v.,,,,
comment,B1,v.,,,,
commercial,B1,adj.,n.,,,
commit,B1,v.,,,,
communication,B1,n.,,,,
competitive,B1,adj.,,,,
competitor,B1,n.,,,,
complaint,B1,n.,,,,
complex,B1,adj.,,,,
concentrate,B1,v.,,,,
conclude,B1,v.,,,,
conclusion,B1,n.,,,,
confident,B1,adj.,,,,
confirm,B1,v.,,,,
confuse,B1,v.,,,,
confused,B1,adj.,,,,
connection,B1,n.,,,,
consequence,B1,n.,,,,
consist,B1,v.,,,,
consume,B1,v.,,,,
consumer,B1,n.,,,,
contact,B1,n.,v.,,,
container,B1,n.,,,,
content,B1,n.,,,,
continuous,B1,adj.,,,,
contrast,B1,n.,v.,,,
convenient,B1,adj.,,,,
convince,B1,v.,,,,
cool,B1,v.,,,,
corn,B1,n.,,,,
costume,B1,n.,,,,
cotton,B1,n.,,,,
count,B1,n.,,,,
countryside,B1,n.,,,,
court,B1,n.,,,,
cover,B1,n.,,,,
covered,B1,adj.,,,,
cream,B1,adj.,,,,
criminal,B1,adj.,,,,
cruel,B1,adj.,,,,
cultural,B1,adj.,,,,
cupboard,B1,n.,,,,
currency,B1,n.,,,,
current,B1,adj.,,,,
currently,B1,adv.,,,,
curtain,B1,n.,,,,
custom,B1,n.,,,,
cut,B1,n.,,,,
daily,B1,adv.,,,,
damage,B1,n.,v.,,,
deal,B1,n.,,,,
decade,B1,n.,,,,
deep,B1,adv.,,,,
define,B1,v.,,,,
definite,B1,adj.,,,,
definition,B1,n.,,,,
deliver,B1,v.,,,,
departure,B1,n.,,,,
despite,B1,prep.,,,,
destination,B1,n.,,,,
determine,B1,v.,,,,
determined,B1,adj.,,,,
development,B1,n.,,,,
diagram,B1,n.,,,,
diamond,B1,n.,,,,
difficulty,B1,n.,,,,
direct,B1,v.,adv.,,,
directly,B1,adv.,,,,
dirt,B1,n.,,,,
disadvantage,B1,n.,,,,
disappointed,B1,adj.,,,,
disappointing,B1,adj.,,,,
discount,B1,n.,,,,
dislike,B1,v.,n.,,,
divide,B1,v.,,,,
documentary,B1,n.,,,,
donate,B1,v.,,,,
double,B1,adv.,,,,
doubt,B1,n.,v.,,,
dressed,B1,adj.,,,,
drop,B1,n.,,,,
drum,B1,n.,,,,
drunk,B1,adj.,,,,
due,B1,adj.,,,,
dust,B1,n.,,,,
duty,B1,n.,,,,
earthquake,B1,n.,,,,
eastern,B1,adj.,,,,
economic,B1,adj.,,,,
economy,B1,n.,,,,
edge,B1,n.,,,,
editor,B1,n.,,,,
educate,B1,v.,,,,
educated,B1,adj.,,,,
educational,B1,adj.,,,,
effective,B1,adj.,,,,
effectively,B1,adv.,,,,
effort,B1,n.,,,,
election,B1,n.,,,,
element,B1,n.,,,,
embarrassed,B1,adj.,,,,
embarrassing,B1,adj.,,,,
emergency,B1,n.,,,,
emotion,B1,n.,,,,
employment,B1,n.,,,,
empty,B1,v.,,,,
encourage,B1,v.,,,,
enemy,B1,n.,,,,
engaged,B1,adj.,,,,
engineering,B1,n.,,,,
entertain,B1,v.,,,,
entertainment,B1,n.,,,,
entrance,B1,n.,,,,
entry,B1,n.,,,,
environmental,B1,adj.,,,,
episode,B1,n.,,,,
equal,B1,adj.,v.,,,
equally,B1,adv.,,,,
escape,B1,v.,n.,,,
essential,B1,adj.,,,,
eventually,B1,adv.,,,,
examine,B1,v.,,,,
except,B1,conj.,,,,
exchange,B1,n.,v.,,,
excitement,B1,n.,,,,
exhibition,B1,n.,,,,
exit,B1,n.,,,,
expand,B1,v.,,,,
expected,B1,adj.,,,,
experience,B1,v.,,,,
experienced,B1,adj.,,,,
experiment,B1,v.,,,,
explode,B1,v.,,,,
explore,B1,v.,,,,
explosion,B1,n.,,,,
export,B1,n.,v.,,,
extra,B1,n.,adv.,,,
face,B1,v.,,,,
fairly,B1,adv.,,,,
familiar,B1,adj.,,,,
fancy,B1,adj.,,,,
far,B1,adj.,,,,
fascinating,B1,adj.,,,,
fashionable,B1,adj.,,,,
fasten,B1,v.,,,,
favor,B1,n.,,,,
fear,B1,v.,,,,
feature,B1,v.,,,,
federal,B1,adj.,,,,
fence,B1,n.,,,,
fighting,B1,n.,,,,
file,B1,n.,,,,
financial,B1,adj.,,,,
fitness,B1,n.,,,,
fixed,B1,adj.,,,,
flag,B1,n.,,,,
flood,B1,n.,v.,,,
flour,B1,n.,,,,
flow,B1,v.,n.,,,
fold,B1,v.,,,,
folk,B1,n.,adj.,,,
following,B1,n.,,,,
force,B1,n.,v.,,,
forever,B1,adv.,,,,
frame,B1,n.,v.,,,
freeze,B1,v.,,,,
frequently,B1,adv.,,,,
friendship,B1,n.,,,,
frighten,B1,v.,,,,
frightened,B1,adj.,,,,
frightening,B1,adj.,,,,
frozen,B1,adj.,,,,
fry,B1,v.,,,,
fuel,B1,n.,,,,
function,B1,n.,,,,
fur,B1,n.,,,,
further,B1,adv.,,,,
garage,B1,n.,,,,
gather,B1,v.,,,,
generally,B1,adv.,,,,
generation,B1,n.,,,,
generous,B1,adj.,,,,
gentle,B1,adj.,,,,
gentleman,B1,n.,,,,
ghost,B1,n.,,,,
giant,B1,adj.,n.,,,
glad,B1,adj.,,,,
global,B1,adj.,,,,
glove,B1,n.,,,,
go,B1,n.,,,,
grade,B1,n.,,,,
graduate,B1,n.,v.,,,
grain,B1,n.,,,,
grateful,B1,adj.,,,,
growth,B1,n.,,,,
guard,B1,n.,v.,,,
guilty,B1,adj.,,,,
hand,B1,v.,,,,
hang,B1,v.,,,,
happiness,B1,n.,,,,
hardly,B1,adv.,,,,
hate,B1,n.,,,,
head,B1,v.,,,,
headline,B1,n.,,,,
heating,B1,n.,,,,
heavily,B1,adv.,,,,
helicopter,B1,n.,,,,
highlight,B1,v.,n.,,,
highly,B1,adv.,,,,
highway,B1,n.,,,,
hire,B1,v.,,,,
historic,B1,adj.,,,,
historical,B1,adj.,,,,
honest,B1,adj.,,,,
horrible,B1,adj.,,,,
horror,B1,n.,,,,
host,B1,n.,,,,
hunt,B1,v.,,,,
hurricane,B1,n.,,,,
hurry,B1,n.,v.,,,
identity,B1,n.,,,,
ignore,B1,v.,,,,
illegal,B1,adj.,,,,
imaginary,B1,adj.,,,,
immediate,B1,adj.,,,,
immigrant,B1,n.,,,,
impact,B1,n.,v.,,,
import,B1,n.,v.,,,
importance,B1,n.,,,,
impression,B1,n.,,,,
impressive,B1,adj.,,,,
improvement,B1,n.,,,,
incredibly,B1,adv.,,,,
indeed,B1,adv.,,,,
indicate,B1,v.,,,,
indirect,B1,adj.,,,,
indoor,B1,adj.,,,,
indoors,B1,adv.,,,,
influence,B1,n.,v.,,,
ingredient,B1,n.,,,,
injure,B1,v.,,,,
injured,B1,adj.,,,,
innocent,B1,adj.,,,,
intelligence,B1,n.,,,,
intend,B1,v.,,,,
intention,B1,n.,,,,
invest,B1,v.,,,,
investigate,B1,v.,,,,
involved,B1,adj.,,,,
iron,B1,n.,v.,,,
issue,B1,n.,,,,
IT,B1,n.,,,,
journal,B1,n.,,,,
journey,B1,n.,,,,
judge,B1,n.,v.,,,
key,B1,v.,,,,
keyboard,B1,n.,,,,
kick,B1,v.,n.,,,
killing,B1,n.,,,,
kind,B1,adj.,,,,(caring)
kiss,B1,v.,n.,,,
knock,B1,n.,,,,
label,B1,n.,v.,,,
laboratory,B1,n.,,,,
lack,B1,n.,v.,,,
latest,B1,adj.,,,,
lay,B1,v.,,,,
layer,B1,n.,,,,
lead,B1,n.,,,,
leading,B1,adj.,,,,
leaf,B1,n.,,,,
leather,B1,n.,,,,
legal,B1,adj.,,,,
leisure,B1,n.,,,,
length,B1,n.,,,,
level,B1,adj.,,,,
lie,B1,v.,n.,,,(tell a lie)
like,B1,n.,,,,(find sb/sth pleasant)
limit,B1,n.,v.,,,
lip,B1,n.,,,,
liquid,B1,n.,adj.,,,
literature,B1,n.,,,,
live2,B1,adj.,adv.,,,
local,B1,n.,,,,
locate,B1,v.,,,,
located,B1,adj.,,,,
location,B1,n.,,,,
lonely,B1,adj.,,,,
loss,B1,n.,,,,
luxury,B1,n.,,,,
mad,B1,adj.,,,,
magic,B1,n.,adj.,,,
mainly,B1,adv.,,,,
management,B1,n.,,,,
market,B1,v.,,,,
marketing,B1,n.,,,,
marriage,B1,n.,,,,
meanwhile,B1,adv.,,,,
measure,B1,v.,n.,,,
medium,B1,adj.,,,,
mental,B1,adj.,,,,
mention,B1,n.,,,,
mess,B1,n.,,,,
mild,B1,adj.,,,,
mine,B1,n.,,,,(hole in the ground)
mix,B1,v.,n.,,,
mixture,B1,n.,,,,
mood,B1,n.,,,,
move,B1,n.,,,,
mud,B1,n.,,,,
murder,B1,n.,v.,,,
muscle,B1,n.,,,,
musical,B1,n.,,,,
mystery,B1,n.,,,,
nail,B1,n.,,,,
narrative,B1,n.,adj.,,,
nation,B1,n.,,,,
native,B1,adj.,n.,,,
naturally,B1,adv.,,,,
neat,B1,adj.,,,,
necessarily,B1,adv.,,,,
need,B1,modal,v.,,,
needle,B1,n.,,,,
neither,B1,adv.,,,,
net,B1,n.,,,,
next,B1,n.,,,,
nor,B1,conj./adv.,,,,
normal,B1,n.,,,,
northern,B1,adj.,,,,
note,B1,v.,,,,
now,B1,conj.,,,,
nuclear,B1,adj.,,,,
obvious,B1,adj.,,,,
obviously,B1,adv.,,,,
occasion,B1,n.,,,,
occur,B1,v.,,,,
odd,B1,adj.,,,,
official,B1,adj.,,,,
old-fashioned,B1,adj.,,,,
once,B1,conj.,,,,
operation,B1,n.,,,,
organized,B1,adj.,,,,
organizer,B1,n.,,,,
original,B1,n.,,,,
originally,B1,adv.,,,,
ought,B1,modal v.,,,,
ours,B1,pron.,,,,
outdoor,B1,adj.,,,,
outdoors,B1,adv.,,,,
overseas,B1,adj.,,,,
pack,B1,n.,,,,
package,B1,n.,,,,
pale,B1,adj.,,,,
pan,B1,n.,,,,
participate,B1,v.,,,,
particularly,B1,adv.,,,,
pass,B1,n.,,,,
passion,B1,n.,,,,
path,B1,n.,,,,
payment,B1,n.,,,,
peaceful,B1,adj.,,,,
percentage,B1,n.,,,,
perfectly,B1,adv.,,,,
performance,B1,n.,,,,
personally,B1,adv.,,,,
persuade,B1,v.,,,,
photographer,B1,n.,,,,
photography,B1,n.,,,,
pin,B1,n.,v.,,,
pipe,B1,n.,,,,
place,B1,v.,,,,
planning,B1,n.,,,,
pleasant,B1,adj.,,,,
pleasure,B1,n.,,,,
plenty,B1,pron.,,,,
plot,B1,n.,,,,
plus,B1,prep.,,,,
poem,B1,n.,,,,
poet,B1,n.,,,,
poetry,B1,n.,,,,
point,B1,v.,,,,
poison,B1,n.,v.,,,
poisonous,B1,adj.,,,,
policy,B1,n.,,,,
political,B1,adj.,,,,
politician,B1,n.,,,,
politics,B1,n.,,,,
port,B1,n.,,,,
portrait,B1,n.,,,,
possibly,B1,adv.,,,,
pot,B1,n.,,,,
pour,B1,v.,,,,
poverty,B1,n.,,,,
powder,B1,n.,,,,
powerful,B1,adj.,,,,
practical,B1,adj.,,,,
pray,B1,v.,,,,
prayer,B1,n.,,,,
prediction,B1,n.,,,,
prepared,B1,adj.,,,,
presentation,B1,n.,,,,
press,B1,n.,v.,,,
pressure,B1,n.,,,,
pretend,B1,v.,,,,
previous,B1,adj.,,,,
previously,B1,adv.,,,,
priest,B1,n.,,,,
primary,B1,adj.,,,,
prince,B1,n.,,,,
princess,B1,n.,,,,
principal,B1,n.,,,,
printing,B1,n.,,,,
prisoner,B1,n.,,,,
private,B1,adj.,,,,
producer,B1,n.,,,,
production,B1,n.,,,,
profession,B1,n.,,,,
profit,B1,n.,,,,
program,B1,v.,,,,
promote,B1,v.,,,,
proper,B1,adj.,,,,
properly,B1,adv.,,,,
property,B1,n.,,,,
protest,B1,n.,v.,,,
proud,B1,adj.,,,,
prove,B1,v.,,,,
pull,B1,n.,,,,
punish,B1,v.,,,,
punishment,B1,n.,,,,
push,B1,n.,,,,
qualification,B1,n.,,,,
qualified,B1,adj.,,,,
qualify,B1,v.,,,,
quit,B1,v.,,,,
quotation,B1,n.,,,,
quote,B1,v.,n.,,,
race,B1,n.,,,,(of people)
racing,B1,n.,,,,
raise,B1,n.,,,,
range,B1,n.,,,,
rare,B1,adj.,,,,
rarely,B1,adv.,,,,
reaction,B1,n.,,,,
reality,B1,n.,,,,
receipt,B1,n.,,,,
recommendation,B1,n.,,,,
reference,B1,n.,,,,
reflect,B1,v.,,,,
regularly,B1,adv.,,,,
reject,B1,v.,,,,
relate,B1,v.,,,,
related,B1,adj.,,,,
relation,B1,n.,,,,
relative,B1,adj.,n.,,,
relaxed,B1,adj.,,,,
relaxing,B1,adj.,,,,
release,B1,v.,n.,,,
reliable,B1,adj.,,,,
religion,B1,n.,,,,
religious,B1,adj.,,,,
remain,B1,v.,,,,
remind,B1,v.,,,,
remote,B1,adj.,,,,
rent,B1,n.,v.,,,
repair,B1,n.,,,,
repeat,B1,n.,,,,
repeated,B1,adj.,,,,
represent,B1,v.,,,,
request,B1,v.,,,,
require,B1,v.,,,,
reservation,B1,n.,,,,
resource,B1,n.,,,,
respect,B1,n.,v.,,,
responsibility,B1,n.,,,,
responsible,B1,adj.,,,,
result,B1,v.,,,,
retire,B1,v.,,,,
retired,B1,adj.,,,,
revise,B1,v.,,,,
ring2,B1,n.,,,,
risk,B1,n.,v.,,,
robot,B1,n.,,,,
roll,B1,v.,n.,,,
romantic,B1,adj.,,,,
rope,B1,n.,,,,
rough,B1,adj.,,,,
row,B1,n.,,,,
royal,B1,adj.,,,,
rule,B1,v.,,,,
safety,B1,n.,,,,
sail,B1,n.,,,,
sailor,B1,n.,,,,
sample,B1,n.,,,,
sand,B1,n.,,,,
scan,B1,v.,,,,
scientific,B1,adj.,,,,
script,B1,n.,,,,
sculpture,B1,n.,,,,
secondary,B1,adj.,,,,
security,B1,n.,,,,
seed,B1,n.,,,,
sensible,B1,adj.,,,,
separate,B1,v.,,,,
seriously,B1,adv.,,,,
servant,B1,n.,,,,
set,B1,v.,,,,(put)
set,B1,n.,,,,(group)
setting,B1,n.,,,,
sex,B1,n.,,,,
sexual,B1,adj.,,,,
shake,B1,n.,,,,
share,B1,n.,,,,
sharp,B1,adj.,,,,
shelf,B1,n.,,,,
shell,B1,n.,,,,
shift,B1,n.,,,,
shine,B1,v.,,,,
shiny,B1,adj.,,,,
shoot,B1,v.,,,,
shy,B1,adj.,,,,
sight,B1,n.,,,,
signal,B1,n.,v.,,,
silent,B1,adj.,,,,
silly,B1,adj.,,,,
similarity,B1,n.,,,,
similarly,B1,adv.,,,,
simply,B1,adv.,,,,
since,B1,adv.,,,,
sink,B1,v.,,,,
slave,B1,n.,,,,
slice,B1,n.,v.,,,
slightly,B1,adv.,,,,
slow,B1,v.,,,,
smooth,B1,adj.,,,,
software,B1,n.,,,,
soil,B1,n.,,,,
solid,B1,adj.,n.,,,
sort,B1,v.,,,,
southern,B1,adj.,,,,
specifically,B1,adv.,,,,
spending,B1,n.,,,,
spicy,B1,adj.,,,,
spirit,B1,n.,,,,
spoken,B1,adj.,,,,
spot,B1,n.,,,,
spread,B1,v.,,,,
spring,B1,v.,,,,
stadium,B1,n.,,,,
staff,B1,n.,,,,
standard,B1,n.,adj.,,,
state,B1,adj.,v.,,,
statistic,B1,n.,,,,
statue,B1,n.,,,,
stick,B1,v.,,,,(push into/attach)
stick,B1,n.,,,,(piece of wood)
still,B1,adj.,,,,
store,B1,v.,,,,
stranger,B1,n.,,,,
strength,B1,n.,,,,
string,B1,n.,,,,
strongly,B1,adv.,,,,
stuff,B1,n.,,,,
substance,B1,n.,,,,
successfully,B1,adv.,,,,
sudden,B1,adj.,,,,
suffer,B1,v.,,,,
suit,B1,v.,,,,
suitable,B1,adj.,,,,
summarize,B1,v.,,,,
summary,B1,n.,,,,
supply,B1,n.,v.,,,
supporter,B1,n.,,,,
surely,B1,adv.,,,,
surface,B1,n.,,,,
survive,B1,v.,,,,
swim,B1,n.,,,,
switch,B1,v.,,,,
symptom,B1,n.,,,,
tail,B1,n.,,,,
talent,B1,n.,,,,
talented,B1,adj.,,,,
tape,B1,n.,,,,
tax,B1,n.,v.,,,
technical,B1,adj.,,,,
technique,B1,n.,,,,
tend,B1,v.,,,,
tent,B1,n.,,,,
that,B1,adv.,,,,
theirs,B1,pron.,,,,
theme,B1,n.,,,,
theory,B1,n.,,,,
therefore,B1,adv.,,,,
this,B1,adv.,,,,
though,B1,conj.,adv.,,,
throat,B1,n.,,,,
throughout,B1,prep./adv.,,,,
tight,B1,adj.,,,,
till,B1,conj./prep.,,,,
tiny,B1,adj.,,,,
tip,B1,v.,,,,
tire,B1,n.,,,,
toe,B1,n.,,,,
ton,B1,n.,,,,
tongue,B1,n.,,,,
total,B1,adj.,n.,,,
totally,B1,adv.,,,,
touch,B1,n.,,,,
tour,B1,v.,,,,
trade,B1,n.,v.,,,
trainer,B1,n.,,,,
translate,B1,v.,,,,
translation,B1,n.,,,,
transport,B1,v.,,,,
treat,B1,v.,,,,
treatment,B1,n.,,,,
trend,B1,n.,,,,
trick,B1,n.,v.,,,
truth,B1,n.,,,,
tube,B1,n.,,,,
type,B1,v.,,,,
typically,B1,adv.,,,,
ugly,B1,adj.,,,,
unable,B1,adj.,,,,
uncomfortable,B1,adj.,,,,
underwear,B1,n.,,,,
unemployed,B1,adj.,,,,
unemployment,B1,n.,,,,
unfair,B1,adj.,,,,
union,B1,n.,,,,
unless,B1,conj.,,,,
unlike,B1,prep.,,,,
unlikely,B1,adj.,,,,
unnecessary,B1,adj.,,,,
unpleasant,B1,adj.,,,,
update,B1,v.,n.,,,
upon,B1,prep.,,,,
upset,B1,adj.,v.,,,
used,B1,adj.,,,,
used,B1,adj.,,,,
valuable,B1,adj.,,,,
value,B1,n.,,,,
various,B1,adj.,,,,
version,B1,n.,,,,
victim,B1,n.,,,,
view,B1,v.,,,,
viewer,B1,n.,,,,
violent,B1,adj.,,,,
volunteer,B1,n.,v.,,,
vote,B1,n.,v.,,,
warm,B1,v.,,,,
warn,B1,v.,,,,
warning,B1,n.,,,,
waste,B1,n.,v.,adj.,,
water,B1,v.,,,,
wave,B1,v.,,,,
weapon,B1,n.,,,,
weigh,B1,v.,,,,
western,B1,adj.,,,,
whatever,B1,det./pron.,,,,
whenever,B1,conj.,,,,
whether,B1,conj.,,,,
while,B1,n.,,,,
whole,B1,n.,,,,
will,B1,n.,,,,
win,B1,n.,,,,
wing,B1,n.,,,,
within,B1,prep.,,,,
wonder,B1,v.,n.,,,
wool,B1,n.,,,,
worldwide,B1,adj.,adv.,,,
worry,B1,n.,,,,
worse,B1,adv.,,,,
worst,B1,adv.,,,,
worth,B1,adj.,,,,
written,B1,adj.,,,,
wrong,B1,adv.,,,,
young,B1,n.,,,,
youth,B1,n.,,,,
bargain,B2,n.,,,,
comprise,B2,v.,,,,
destruction,B2,n.,,,,
basement,B2,n.,,,,
compulsory,B2,adj.,,,,
determination,B2,n.,,,,
absorb,B2,v.,,,,
abstract,B2,adj.,,,,
basket,B2,n.,,,,
concrete,B2,adj.,n.,,,
devote,B2,v.,,,,
bat,B2,n.,,,,
confess,B2,v.,,,,
differ,B2,v.,,,,
accent,B2,n.,,,,
beneficial,B2,adj.,,,,
confusion,B2,n.,,,,
dime,B2,n.,,,,
accidentally,B2,adv.,,,,
accommodate,B2,v.,,,,
beside,B2,prep.,,,,
consequently,B2,adv.,,,,
disability,B2,n.,,,,
besides,B2,prep.,adv.,,,
conservation,B2,n.,,,,
disabled,B2,adj.,,,,
accommodation,B2,n.,,,,
bias,B2,n.,,,,
considerable,B2,adj.,,,,
disagreement,B2,n.,,,,
accomplish,B2,v.,,,,
accountant,B2,n.,,,,
bid,B2,n.,v.,,,
considerably,B2,adv.,,,,
disappoint,B2,v.,,,,
biological,B2,adj.,,,,
consistently,B2,adv.,,,,
disappointment,B2,n.,,,,
accuracy,B2,n.,,,,
accurately,B2,adv.,,,,
blanket,B2,n.,,,,
conspiracy,B2,n.,,,,
discourage,B2,v.,,,,
acid,B2,n.,,,,
blow,B2,n.,,,,
consult,B2,v.,,,,
disorder,B2,n.,,,,
bold,B2,adj.,,,,
consultant,B2,n.,,,,
distant,B2,adj.,,,,
acre,B2,n.,,,,
activate,B2,v.,,,,
bombing,B2,n.,,,,
consumption,B2,n.,,,,
distinct,B2,adj.,,,,
addiction,B2,n.,,,,
boost,B2,v.,n.,,,
controversial,B2,adj.,,,,
distinguish,B2,v.,,,,
bound,B2,adj.,,,,
controversy,B2,n.,,,,
distract,B2,v.,,,,
additionally,B2,adv.,,,,
adequate,B2,adj.,,,,
brick,B2,n.,,,,
convenience,B2,n.,,,,
disturb,B2,v.,,,,
briefly,B2,adv.,,,,
convention,B2,n.,,,,
dive,B2,v.,n.,,,
adequately,B2,adv.,,,,
broadcaster,B2,n.,,,,
conventional,B2,adj.,,,,
diverse,B2,adj.,,,,
adjust,B2,v.,,,,
affordable,B2,adj.,,,,
broadly,B2,adv.,,,,
convey,B2,v.,,,,
diversity,B2,n.,,,,
buck,B2,n.,,,,
convincing,B2,adj.,,,,
divorce,B2,n.,v.,,,
aged,B2,adj.,,,,
agriculture,B2,n.,,,,
bug,B2,n.,,,,
cop,B2,n.,,,,
dominant,B2,adj.,,,,
AIDS,B2,n.,,,,
cabin,B2,n.,,,,
cope,B2,v.,,,,
donation,B2,n.,,,,
canal,B2,n.,,,,
corporation,B2,n.,,,,
dot,B2,n.,,,,
alien,B2,n.,,,,
alongside,B2,prep.,,,,
candle,B2,n.,,,,
corridor,B2,n.,,,,
dramatically,B2,adv.,,,,
carbon,B2,n.,,,,
counter,B2,n.,,,,(long flat surface)
drought,B2,n.,,,,
altogether,B2,adv.,,,,
castle,B2,n.,,,,
coverage,B2,n.,,,,
dull,B2,adj.,,,,
ambitious,B2,adj.,,,,
ambulance,B2,n.,,,,
casual,B2,adj.,,,,
cowboy,B2,n.,,,,
dump,B2,v.,,,,
cave,B2,n.,,,,
crack,B2,v.,n.,,,
duration,B2,n.,,,,
amusing,B2,adj.,,,,
analyst,B2,n.,,,,
certainty,B2,n.,,,,
craft,B2,n.,,,,
dynamic,B2,adj.,,,,
ancestor,B2,n.,,,,
certificate,B2,n.,,,,
creativity,B2,n.,,,,
eager,B2,adj.,,,,
challenging,B2,adj.,,,,
critically,B2,adv.,,,,
economics,B2,n.,,,,
animation,B2,n.,,,,
annually,B2,adv.,,,,
championship,B2,n.,,,,
cruise,B2,n.,v.,,,
economist,B2,n.,,,,
charming,B2,adj.,,,,
cue,B2,n.,,,,
editorial,B2,adj.,,,,
anticipate,B2,v.,,,,
chase,B2,v.,n.,,,
curious,B2,adj.,,,,
efficiently,B2,adv.,,,,
anxiety,B2,n.,,,,
apology,B2,n.,,,,
cheek,B2,n.,,,,
curriculum,B2,n.,,,,
elbow,B2,n.,,,,
cheer,B2,v.,n.,,,
cute,B2,adj.,,,,
electronics,B2,n.,,,,
applicant,B2,n.,,,,
appropriately,B2,adv.,,,,
chop,B2,v.,,,,
dairy,B2,n.,adj.,,,
elegant,B2,adj.,,,,
circuit,B2,n.,,,,
dare,B2,v.,,,,
elementary,B2,adj.,,,,
arrow,B2,n.,,,,
civilization,B2,n.,,,,
darkness,B2,n.,,,,
eliminate,B2,v.,,,,
artwork,B2,n.,,,,
asset,B2,n.,,,,
clarify,B2,v.,,,,
database,B2,n.,,,,
embrace,B2,v.,,,,
classify,B2,v.,,,,
deadline,B2,n.,,,,
emission,B2,n.,,,,
assign,B2,v.,,,,
assistance,B2,n.,,,,
cliff,B2,n.,,,,
deadly,B2,adj.,,,,
emotionally,B2,adv.,,,,
clinic,B2,n.,,,,
dealer,B2,n.,,,,
empire,B2,n.,,,,
assumption,B2,n.,,,,
clip,B2,n.,,,,
deck,B2,n.,,,,
enjoyable,B2,adj.,,,,
assure,B2,v.,,,,
astonishing,B2,adj.,,,,
coincidence,B2,n.,,,,
defender,B2,n.,,,,
entertaining,B2,adj.,,,,
athletic,B2,adj.,,,,
collector,B2,n.,,,,
delete,B2,v.,,,,
entrepreneur,B2,n.,,,,
colony,B2,n.,,,,
delighted,B2,adj.,,,,
envelope,B2,n.,,,,
attachment,B2,n.,,,,
audio,B2,adj.,,,,
colorful,B2,adj.,,,,
democracy,B2,n.,,,,
equip,B2,v.,,,,
awareness,B2,n.,,,,
comic,B2,adj.,n.,,,
democratic,B2,adj.,,,,
equivalent,B2,n.,adj.,,,
commander,B2,n.,,,,
demonstration,B2,n.,,,,
era,B2,n.,,,,
awkward,B2,adj.,,,,
badge,B2,n.,,,,
comparative,B2,adj.,,,,
depart,B2,v.,,,,
erupt,B2,v.,,,,
balanced,B2,adj.,,,,
completion,B2,n.,,,,
dependent,B2,adj.,,,,
essentially,B2,adv.,,,,
ballet,B2,n.,,,,
compose,B2,v.,,,,
deposit,B2,n.,v.,,,
depression,B2,n.,,,,
ethic,B2,n.,,,,
ethnic,B2,adj.,,,,
balloon,B2,n.,,,,
composer,B2,n.,,,,
compound,B2,n.,,,,
derive,B2,v.,,,,
evaluation,B2,n.,,,,
evolution,B2,n.,,,,
evolve,B2,v.,,,,
exceed,B2,v.,,,,
exception,B2,n.,,,,
excessive,B2,adj.,,,,
exclude,B2,v.,,,,
exotic,B2,adj.,,,,
expansion,B2,n.,,,,
expedition,B2,n.,,,,
expertise,B2,n.,,,,
exploit,B2,v.,,,,
exposure,B2,n.,,,,
extension,B2,n.,,,,
extensive,B2,adj.,,,,
extensively,B2,adv.,,,,
extract,B2,n.,,,,
fabric,B2,n.,,,,
fabulous,B2,adj.,,,,
faculty,B2,n.,,,,
failed,B2,adj.,,,,
fake,B2,adj.,,,,
fame,B2,n.,,,,
fantasy,B2,n.,,,,
fare,B2,n.,,,,
firefighter,B2,n.,,,,
firework,B2,n.,,,,
firm,B2,adj.,,,,
firmly,B2,adv.,,,,
flavor,B2,n.,,,,
fond,B2,adj.,,,,
fool,B2,n.,,,,
forbid,B2,v.,,,,
forecast,B2,n.,v.,,,
format,B2,n.,,,,
formation,B2,n.,,,,
formerly,B2,adv.,,,,
fortunate,B2,adj.,,,,
forum,B2,n.,,,,
fossil,B2,n.,,,,
foundation,B2,n.,,,,
founder,B2,n.,,,,
fraction,B2,n.,,,,
fragment,B2,n.,,,,
framework,B2,n.,,,,
fraud,B2,n.,,,,
freely,B2,adv.,,,,
frequent,B2,adj.,,,,
fulfill,B2,v.,,,,
full-time,B2,adj./adv.,,,,
fundamentally,B2,adv.,,,,
furious,B2,adj.,,,,
gallon,B2,n.,,,,
gaming,B2,n.,,,,
gay,B2,adj.,,,,
gender,B2,n.,,,,
gene,B2,n.,,,,
genetic,B2,adj.,,,,
genius,B2,n.,,,,
genuine,B2,adj.,,,,
genuinely,B2,adv.,,,,
gesture,B2,n.,,,,
globalization,B2,n.,,,,
globe,B2,n.,,,,
golden,B2,adj.,,,,
goodness,B2,n.,,,,
gorgeous,B2,adj.,,,,
graphic,B2,adj.,,,,
graphics,B2,n.,,,,
greatly,B2,adv.,,,,
greenhouse,B2,n.,,,,
guideline,B2,n.,,,,
habitat,B2,n.,,,,
harbor,B2,n.,,,,
headquarters,B2,n.,,,,
heal,B2,v.,,,,
healthcare,B2,n.,,,,
helmet,B2,n.,,,,
hence,B2,adv.,,,,
herb,B2,n.,,,,
hidden,B2,adj.,,,,
hilarious,B2,adj.,,,,
hip,B2,n.,,,,
historian,B2,n.,,,,
homeless,B2,adj.,,,,
honesty,B2,n.,,,,
honey,B2,n.,,,,
hook,B2,n.,,,,
hopefully,B2,adv.,,,,
hunger,B2,n.,,,,
hypothesis,B2,n.,,,,
icon,B2,n.,,,,
ID,B2,n.,,,,
identical,B2,adj.,,,,
illusion,B2,n.,,,,
immigration,B2,n.,,,,
immune,B2,adj.,,,,
implement,B2,v.,,,,
implication,B2,n.,,,,
incentive,B2,n.,,,,
incorporate,B2,v.,,,,
incorrect,B2,adj.,,,,
independence,B2,n.,,,,
index,B2,n.,,,,
indication,B2,n.,,,,
inevitable,B2,adj.,,,,
inevitably,B2,adv.,,,,
infer,B2,v.,,,,
inflation,B2,n.,,,,
info,B2,n.,,,,
infrastructure,B2,n.,,,,
inhabitant,B2,n.,,,,
inherit,B2,v.,,,,
ink,B2,n.,,,,
innovation,B2,n.,,,,
innovative,B2,adj.,,,,
input,B2,n.,,,,
insert,B2,v.,,,,
inspector,B2,n.,,,,
installation,B2,n.,,,,
instant,B2,adj.,,,,
instantly,B2,adv.,,,,
integrate,B2,v.,,,,
intellectual,B2,adj.,,,,
interact,B2,v.,,,,
interaction,B2,n.,,,,
interpretation,B2,n.,,,,
interval,B2,n.,,,,
invade,B2,v.,,,,
invasion,B2,n.,,,,
investor,B2,n.,,,,
isolate,B2,v.,,,,
isolated,B2,adj.,,,,
jail,B2,n.,v.,,,
jet,B2,n.,,,,
joint,B2,adj.,n.,,,
journalism,B2,n.,,,,
jury,B2,n.,,,,
kindergarten,B2,n.,,,,
kit,B2,n.,,,,
ladder,B2,n.,,,,
landing,B2,n.,,,,
lane,B2,n.,,,,
lately,B2,adv.,,,,
legend,B2,n.,,,,
lens,B2,n.,,,,
lifetime,B2,n.,,,,
lighting,B2,n.,,,,
likewise,B2,adv.,,,,
limitation,B2,n.,,,,
literally,B2,adv.,,,,
literary,B2,adj.,,,,
litter,B2,n.,,,,
logo,B2,n.,,,,
lottery,B2,n.,,,,
loyal,B2,adj.,,,,
lyric,B2,n.,,,,
makeup,B2,n.,,,,
making,B2,n.,,,,
manufacture,B2,v.,,,,
manufacturing,B2,n.,,,,
marathon,B2,n.,,,,
margin,B2,n.,,,,
marker,B2,n.,,,,
martial,B2,adj.,,,,
mate,B2,n.,v.,,,
mechanic,B2,n.,,,,
mechanical,B2,adj.,,,,
mechanism,B2,n.,,,,
medal,B2,n.,,,,
medication,B2,n.,,,,
membership,B2,n.,,,,
memorable,B2,adj.,,,,
metaphor,B2,n.,,,,
miner,B2,n.,,,,
miserable,B2,adj.,,,,
mode,B2,n.,,,,
modest,B2,adj.,,,,
monster,B2,n.,,,,
monthly,B2,adj.,,,,
monument,B2,n.,,,,
moreover,B2,adv.,,,,
mortgage,B2,n.,,,,
mosque,B2,n.,,,,
mosquito,B2,n.,,,,
motion,B2,n.,,,,
motivate,B2,v.,,,,
motivation,B2,n.,,,,
moving,B2,adj.,,,,
myth,B2,n.,,,,
naked,B2,adj.,,,,
nasty,B2,adj.,,,,
navigation,B2,n.,,,,
nearby,B2,adj.,adv.,,,
necessity,B2,n.,,,,
negotiate,B2,v.,,,,
negotiation,B2,n.,,,,
neutral,B2,adj.,,,,
newly,B2,adv.,,,,
nickel,B2,n.,,,,
norm,B2,n.,,,,
notebook,B2,n.,,,,
novelist,B2,n.,,,,
nowadays,B2,adv.,,,,
nursing,B2,adj.,,,,
nutrition,B2,n.,,,,
obesity,B2,n.,,,,
observer,B2,n.,,,,
obstacle,B2,n.,,,,
occupation,B2,n.,,,,
occupy,B2,v.,,,,
offender,B2,n.,,,,
ongoing,B2,adj.,,,,
openly,B2,adv.,,,,
opera,B2,n.,,,,
operator,B2,n.,,,,
optimistic,B2,adj.,,,,
orchestra,B2,n.,,,,
organic,B2,adj.,,,,
outfit,B2,n.,,,,
output,B2,n.,,,,
outstanding,B2,adj.,,,,
overcome,B2,v.,,,,
overnight,B2,adv.,,,,
ownership,B2,n.,,,,
oxygen,B2,n.,,,,
packet,B2,n.,,,,
palm,B2,n.,,,,
panic,B2,n.,,,,
parade,B2,n.,,,,
parallel,B2,adj.,n.,,,
participation,B2,n.,,,,
partnership,B2,n.,,,,
part-time,B2,adj./adv.,,,,
passionate,B2,adj.,,,,
password,B2,n.,,,,
patch,B2,n.,,,,
patience,B2,n.,,,,
pause,B2,v.,n.,,,
peer,B2,n.,,,,
penalty,B2,n.,,,,
perceive,B2,v.,,,,
perception,B2,n.,,,,
permanently,B2,adv.,,,,
pharmacy,B2,n.,,,,
physician,B2,n.,,,,
pill,B2,n.,,,,
pity,B2,n.,,,,
placement,B2,n.,,,,
portion,B2,n.,,,,
potentially,B2,adv.,,,,
precede,B2,v.,,,,
precious,B2,adj.,,,,
precise,B2,adj.,,,,
precisely,B2,adv.,,,,
predictable,B2,adj.,,,,
preference,B2,n.,,,,
presidential,B2,adj.,,,,
pride,B2,n.,,,,
primarily,B2,adv.,,,,
prior,B2,adj.,,,,
probability,B2,n.,,,,
probable,B2,adj.,,,,
proceed,B2,v.,,,,
programming,B2,n.,,,,
progressive,B2,adj.,,,,
prohibit,B2,v.,,,,
promising,B2,adj.,,,,
promotion,B2,n.,,,,
prompt,B2,v.,,,,
proportion,B2,n.,,,,
protein,B2,n.,,,,
protester,B2,n.,,,,
psychological,B2,adj.,,,,
publicity,B2,n.,,,,
publishing,B2,n.,,,,
punk,B2,n.,,,,
purely,B2,adv.,,,,
pursuit,B2,n.,,,,
puzzle,B2,n.,,,,
racial,B2,adj.,,,,
racism,B2,n.,,,,
racist,B2,adj.,n.,,,
radiation,B2,n.,,,,
rail,B2,n.,,,,
random,B2,adj.,,,,
rat,B2,n.,,,,
rating,B2,n.,,,,
reasonably,B2,adv.,,,,
rebuild,B2,v.,,,,
receiver,B2,n.,,,,
recession,B2,n.,,,,
reckon,B2,v.,,,,
recognition,B2,n.,,,,
recovery,B2,n.,,,,
recruit,B2,v.,n.,,,
referee,B2,n.,,,,
refugee,B2,n.,,,,
registration,B2,n.,,,,
regulate,B2,v.,,,,
reinforce,B2,v.,,,,
relieve,B2,v.,,,,
relieved,B2,adj.,,,,
remarkable,B2,adj.,,,,
remarkably,B2,adv.,,,,
rental,B2,n.,,,,
reporting,B2,n.,,,,
resign,B2,v.,,,,
resolution,B2,n.,,,,
restore,B2,v.,,,,
restrict,B2,v.,,,,
restriction,B2,n.,,,,
résumé,B2,n.,,,,
retail,B2,n.,,,,
retirement,B2,n.,,,,
revenue,B2,n.,,,,
revision,B2,n.,,,,
ridiculous,B2,adj.,,,,
risky,B2,adj.,,,,
rival,B2,n.,adj.,,,
rob,B2,v.,,,,
robbery,B2,n.,,,,
rocket,B2,n.,,,,
romance,B2,n.,,,,
rose,B2,n.,,,,
roughly,B2,adv.,,,,
ruin,B2,v.,n.,,,
satisfaction,B2,n.,,,,
scandal,B2,n.,,,,
scare,B2,v.,n.,,,
scenario,B2,n.,,,,
scholar,B2,n.,,,,
scholarship,B2,n.,,,,
scratch,B2,v.,n.,,,
screening,B2,n.,,,,
seeker,B2,n.,,,,
seminar,B2,n.,,,,
settler,B2,n.,,,,
severely,B2,adv.,,,,
sexy,B2,adj.,,,,
shaped,B2,adj.,,,,
shocking,B2,adj.,,,,
shore,B2,n.,,,,
shortage,B2,n.,,,,
shortly,B2,adv.,,,,
short-term,B2,adj.,,,,
sibling,B2,n.,,,,
sidewalk,B2,n.,,,,
signature,B2,n.,,,,
skilled,B2,adj.,,,,
skull,B2,n.,,,,
slogan,B2,n.,,,,
so-called,B2,adj.,,,,
somehow,B2,adv.,,,,
sometime,B2,adv.,,,,
sophisticated,B2,adj.,,,,
spare,B2,adj.,,,,
specialize,B2,v.,,,,
specify,B2,v.,,,,
spectacular,B2,adj.,,,,
spectator,B2,n.,,,,
speculate,B2,v.,,,,
speculation,B2,n.,,,,
spice,B2,n.,,,,
spill,B2,v.,,,,
spite,B2,n.,,,,
spoil,B2,v.,,,,
spokesman,B2,n.,,,,
spokesperson,B2,n.,,,,
spokeswoman,B2,n.,,,,
sponsorship,B2,n.,,,,
stall,B2,n.,,,,
stance,B2,n.,,,,
starve,B2,v.,,,,
steadily,B2,adv.,,,,
steam,B2,n.,,,,
stimulate,B2,v.,,,,
strengthen,B2,v.,,,,
strictly,B2,adv.,,,,
stroke,B2,n.,,,,
stunning,B2,adj.,,,,
subsequent,B2,adj.,,,,
subsequently,B2,adv.,,,,
suburb,B2,n.,,,,
suffering,B2,n.,,,,
sufficient,B2,adj.,,,,
sufficiently,B2,adv.,,,,
super,B2,adj.,,,,
surgeon,B2,n.,,,,
survival,B2,n.,,,,
survivor,B2,n.,,,,
suspend,B2,v.,,,,
sustainable,B2,adj.,,,,
swallow,B2,v.,,,,
sympathetic,B2,adj.,,,,
tackle,B2,v.,,,,
tag,B2,n.,,,,
tap,B2,v.,n.,,,
technological,B2,adj.,,,,
teen,B2,n.,adj,,,
temple,B2,n.,,,,
temporarily,B2,adv.,,,,
tendency,B2,n.,,,,
tension,B2,n.,,,,
terminal,B2,n.,,,,
terms,B2,n.,,,,
terribly,B2,adv.,,,,
terrify,B2,v.,,,,
territory,B2,n.,,,,
terror,B2,n.,,,,
terrorism,B2,n.,,,,
terrorist,B2,n.,,,,
testing,B2,n.,,,,
textbook,B2,n.,,,,
theft,B2,n.,,,,
therapist,B2,n.,,,,
thesis,B2,n.,,,,
thorough,B2,adj.,,,,
thoroughly,B2,adv.,,,,
thumb,B2,n.,,,,
timing,B2,n.,,,,
tissue,B2,n.,,,,
tournament,B2,n.,,,,
trace,B2,v.,,,,
trading,B2,n.,,,,
tragedy,B2,n.,,,,
tragic,B2,adj.,,,,
trait,B2,n.,,,,
transmit,B2,v.,,,,
trap,B2,v.,n.,,,
treasure,B2,n.,,,,
tribe,B2,n.,,,,
trigger,B2,v.,,,,
trillion,B2,number,,,,
troop,B2,n.,,,,
tsunami,B2,n.,,,,
ultimate,B2,adj.,,,,
unacceptable,B2,adj.,,,,
uncertainty,B2,n.,,,,
undergo,B2,v.,,,,
undertake,B2,v.,,,,
unfold,B2,v.,,,,
unfortunate,B2,adj.,,,,
unite,B2,v.,,,,
unity,B2,n.,,,,
universal,B2,adj.,,,,
urgent,B2,adj.,,,,
usage,B2,n.,,,,
useless,B2,adj.,,,,
valid,B2,adj.,,,,
variation,B2,n.,,,,
vertical,B2,adj.,,,,
viewpoint,B2,n.,,,,
visa,B2,n.,,,,
visible,B2,adj.,,,,
voluntary,B2,adj.,,,,
voting,B2,n.,,,,
wander,B2,v.,,,,
warming,B2,n.,,,,
weekly,B2,adj.,,,,
weird,B2,adj.,,,,
welfare,B2,n.,,,,
wheat,B2,n.,,,,
whoever,B2,pron.,,,,
widespread,B2,adj.,,,,
wisdom,B2,n.,,,,
withdraw,B2,v.,,,,
wolf,B2,n.,,,,
workforce,B2,n.,,,,
workplace,B2,n.,,,,
workshop,B2,n.,,,,
worm,B2,n.,,,,
wrist,B2,n.,,,,
abolish,C1,v.,,,,
abortion,C1,n.,,,,
absence,C1,n.,,,,
absent,C1,adj.,,,,
absurd,C1,adj.,,,,
abuse,C1,n.,v.,,,
academy,C1,n.,,,,
accelerate,C1,v.,,,,
acceptance,C1,n.,,,,
accessible,C1,adj.,,,,
accomplishment,C1,n.,,,,
accordingly,C1,adv.,,,,
accountability,C1,n.,,,,
accountable,C1,adj.,,,,
accumulate,C1,v.,,,,
accumulation,C1,n.,,,,
accusation,C1,n.,,,,
accused,C1,n.,,,,
acid,C1,adj.,,,,
acquisition,C1,n.,,,,
activation,C1,n.,,,,
activist,C1,n.,,,,
acute,C1,adj.,,,,
adaptation,C1,n.,,,,
adhere,C1,v.,,,,
adjacent,C1,adj.,,,,
adjustment,C1,n.,,,,
administer,C1,v.,,,,
administrative,C1,adj.,,,,
administrator,C1,n.,,,,
admission,C1,n.,,,,
adolescent,C1,n.,,,,
adoption,C1,n.,,,,
adverse,C1,adj.,,,,
advocate,C1,n.,v.,,,
aesthetic,C1,adj.,,,,
affection,C1,n.,,,,
aftermath,C1,n.,,,,
aggression,C1,n.,,,,
agricultural,C1,adj.,,,,
aide,C1,n.,,,,
alert,C1,v.,n.,adj.,,
alien,C1,adj.,,,,
align,C1,v.,,,,
alignment,C1,n.,,,,
alike,C1,adv.,adj.,,,
allegation,C1,n.,,,,
allege,C1,v.,,,,
allegedly,C1,adv.,,,,
alliance,C1,n.,,,,
allocate,C1,v.,,,,
allocation,C1,n.,,,,
allowance,C1,n.,,,,
ally,C1,n.,,,,
aluminum,C1,n.,,,,
amateur,C1,adj.,n.,,,
ambassador,C1,n.,,,,
amend,C1,v.,,,,
amendment,C1,n.,,,,
amid,C1,prep.,,,,
analogy,C1,n.,,,,
anchor,C1,n.,,,,
angel,C1,n.,,,,
anonymous,C1,adj.,,,,
apparatus,C1,n.,,,,
apparel,C1,n.,,,,
appealing,C1,adj.,,,,
appetite,C1,n.,,,,
applaud,C1,v.,,,,
applicable,C1,adj.,,,,
appoint,C1,v.,,,,
appreciation,C1,n.,,,,
arbitrary,C1,adj.,,,,
architectural,C1,adj.,,,,
archive,C1,n.,,,,
arena,C1,n.,,,,
arm,C1,v.,,,,
array,C1,n.,,,,
articulate,C1,v.,,,,
ash,C1,n.,,,,
aspiration,C1,n.,,,,
aspire,C1,v.,,,,
assassination,C1,n.,,,,
assault,C1,n.,v.,,,
assemble,C1,v.,,,,
assembly,C1,n.,,,,
assert,C1,v.,,,,
assertion,C1,n.,,,,
assurance,C1,n.,,,,
asylum,C1,n.,,,,
atrocity,C1,n.,,,,
attain,C1,v.,,,,
attendance,C1,n.,,,,
attribute,C1,v.,n.,,,
auction,C1,n.,,,,
audit,C1,n.,,,,
authentic,C1,adj.,,,,
authorize,C1,v.,,,,
auto,C1,n.,,,,
autonomy,C1,n.,,,,
autumn,C1,n.,,,,
availability,C1,n.,,,,
await,C1,v.,,,,
backdrop,C1,n.,,,,
backing,C1,n.,,,,
backup,C1,n.,,,,
bail,C1,n.,,,,
ballot,C1,n.,,,,
bankruptcy,C1,n.,,,,
banner,C1,n.,,,,
bare,C1,adj.,,,,
barrel,C1,n.,,,,
bass1,C1,n.,,,,
bat,C1,v.,,,,
battlefield,C1,n.,,,,
bay,C1,n.,,,,
beam,C1,n.,,,,
beast,C1,n.,,,,
behalf,C1,n.,,,,
behavioral,C1,adj.,,,,
beloved,C1,adj.,,,,
bench,C1,n.,,,,
benchmark,C1,n.,,,,
beneath,C1,prep.,,,,
beneficiary,C1,n.,,,,
betray,C1,v.,,,,
beverage,C1,n.,,,,
bind,C1,v.,,,,
biography,C1,n.,,,,
bishop,C1,n.,,,,
bizarre,C1,adj.,,,,
blade,C1,n.,,,,
blast,C1,n.,v.,,,
bleed,C1,v.,,,,
blend,C1,v.,n.,,,
bless,C1,v.,,,,
blessing,C1,n.,,,,
boast,C1,v.,,,,
bonus,C1,n.,,,,
booking,C1,n.,,,,
boom,C1,n.,,,,
bounce,C1,v.,,,,
boundary,C1,n.,,,,
bow1,C1,v.,n.,,,
breach,C1,n.,v.,,,
breakdown,C1,n.,,,,
breakthrough,C1,n.,,,,
breed,C1,v.,n.,,,
broadband,C1,n.,,,,
browser,C1,n.,,,,
brutal,C1,adj.,,,,
buddy,C1,n.,,,,
buffer,C1,n.,,,,
bulk,C1,n.,,,,
burden,C1,n.,,,,
bureaucracy,C1,n.,,,,
burial,C1,n.,,,,
burst,C1,v.,,,,
cabinet,C1,n.,,,,
calculation,C1,n.,,,,
canvas,C1,n.,,,,
capability,C1,n.,,,,
capitalism,C1,n.,,,,
capitalist,C1,adj.,,,,
cargo,C1,n.,,,,
carriage,C1,n.,,,,
carve,C1,v.,,,,
casino,C1,n.,,,,
casualty,C1,n.,,,,
catalog,C1,n.,,,,
cater,C1,v.,,,,
cattle,C1,n.,,,,
caution,C1,n.,,,,
cautious,C1,adj.,,,,
cease,C1,v.,,,,
cemetery,C1,n.,,,,
chamber,C1,n.,,,,
chaos,C1,n.,,,,
characterize,C1,v.,,,,
charm,C1,n.,,,,
charter,C1,n.,,,,
choir,C1,n.,,,,
chronic,C1,adj.,,,,
chunk,C1,n.,,,,
circulate,C1,v.,,,,
circulation,C1,n.,,,,
citizenship,C1,n.,,,,
civic,C1,adj.,,,,
civilian,C1,n.,adj.,,,
clarity,C1,n.,,,,
clash,C1,n.,,,,
classification,C1,n.,,,,
cling,C1,v.,,,,
clinical,C1,adj.,,,,
closure,C1,n.,,,,
cluster,C1,n.,,,,
coalition,C1,n.,,,,
coastal,C1,adj.,,,,
cocktail,C1,n.,,,,
cognitive,C1,adj.,,,,
coincide,C1,v.,,,,
collaborate,C1,v.,,,,
collaboration,C1,n.,,,,
collective,C1,adj.,,,,
collision,C1,n.,,,,
colonial,C1,adj.,,,,
columnist,C1,n.,,,,
combat,C1,n.,v.,,,
commence,C1,v.,,,,
commentary,C1,n.,,,,
commentator,C1,n.,,,,
commerce,C1,n.,,,,
commissioner,C1,n.,,,,
commodity,C1,n.,,,,
communist,C1,adj.,,,,
companion,C1,n.,,,,
comparable,C1,adj.,,,,
compassion,C1,n.,,,,
compel,C1,v.,,,,
compelling,C1,adj.,,,,
compensate,C1,v.,,,,
compensation,C1,n.,,,,
competence,C1,n.,,,,
competent,C1,adj.,,,,
compile,C1,v.,,,,
complement,C1,v.,,,,
complexity,C1,n.,,,,
compliance,C1,n.,,,,
complication,C1,n.,,,,
comply,C1,v.,,,,
composition,C1,n.,,,,
compromise,C1,n.,v.,,,
compute,C1,v.,,,,
conceal,C1,v.,,,,
concede,C1,v.,,,,
conceive,C1,v.,,,,
conception,C1,n.,,,,
concession,C1,n.,,,,
condemn,C1,v.,,,,
confer,C1,v.,,,,
confession,C1,n.,,,,
configuration,C1,n.,,,,
confine,C1,v.,,,,
confirmation,C1,n.,,,,
confront,C1,v.,,,,
confrontation,C1,n.,,,,
congratulate,C1,v.,,,,
congregation,C1,n.,,,,
congressional,C1,adj.,,,,
conquer,C1,v.,,,,
conscience,C1,n.,,,,
consciousness,C1,n.,,,,
consecutive,C1,adj.,,,,
consensus,C1,n.,,,,
consent,C1,n.,v.,,,
conserve,C1,v.,,,,
consistency,C1,n.,,,,
consolidate,C1,v.,,,,
constitute,C1,v.,,,,
constitution,C1,n.,,,,
constitutional,C1,adj.,,,,
constraint,C1,n.,,,,
consultation,C1,n.,,,,
contemplate,C1,v.,,,,
contempt,C1,n.,,,,
contend,C1,v.,,,,
contender,C1,n.,,,,
content2,C1,adj.,,,,
contention,C1,n.,,,,
continually,C1,adv.,,,,
contractor,C1,n.,,,,
contradiction,C1,n.,,,,
contrary,C1,adj.,n.,,,
contributor,C1,n.,,,,
conversion,C1,n.,,,,
convict,C1,v.,,,,
conviction,C1,n.,,,,
cooperate,C1,v.,,,,
cooperative,C1,adj.,,,,
coordinate,C1,v.,,,,
coordination,C1,n.,,,,
coordinator,C1,n.,,,,
copper,C1,n.,,,,
copyright,C1,n.,,,,
correction,C1,n.,,,,
correlate,C1,v.,,,,
correlation,C1,n.,,,,
correspond,C1,v.,,,,
correspondence,C1,n.,,,,
correspondent,C1,n.,,,,
corresponding,C1,adj.,,,,
corrupt,C1,adj.,,,,
corruption,C1,n.,,,,
costly,C1,adj.,,,,
councilor,C1,n.,,,,
counseling,C1,n.,,,,
counselor,C1,n.,,,,
counter,C1,v.,,,,(to argue against)
counterpart,C1,n.,,,,
countless,C1,adj.,,,,
coup,C1,n.,,,,
courtesy,C1,n.,,,,
craft,C1,v.,,,,
crawl,C1,v.,,,,
creator,C1,n.,,,,
credibility,C1,n.,,,,
credible,C1,adj.,,,,
creep,C1,v.,,,,
critique,C1,n.,,,,
crown,C1,n.,,,,
crude,C1,adj.,,,,
crush,C1,v.,,,,
crystal,C1,n.,,,,
cult,C1,n.,adj.,,,
cultivate,C1,v.,,,,
curiosity,C1,n.,,,,
custody,C1,n.,,,,
cutting,C1,n.,,,,
cynical,C1,adj.,,,,
dam,C1,n.,,,,
damaging,C1,adj.,,,,
dawn,C1,n.,,,,
debris,C1,n.,,,,
debut,C1,n.,,,,
decision-making,C1,n.,,,,
decisive,C1,adj.,,,,
declaration,C1,n.,,,,
dedicated,C1,adj.,,,,
dedication,C1,n.,,,,
deed,C1,n.,,,,
deem,C1,v.,,,,
default,C1,n.,,,,
defect,C1,n.,,,,
defensive,C1,adj.,,,,
deficiency,C1,n.,,,,
deficit,C1,n.,,,,
defy,C1,v.,,,,
delegate,C1,n.,,,,
delegation,C1,n.,,,,
delicate,C1,adj.,,,,
demon,C1,n.,,,,
denial,C1,n.,,,,
denounce,C1,v.,,,,
dense,C1,adj.,,,,
density,C1,n.,,,,
dependence,C1,n.,,,,
depict,C1,v.,,,,
deploy,C1,v.,,,,
deployment,C1,n.,,,,
deprive,C1,v.,,,,
deputy,C1,n.,,,,
descend,C1,v.,,,,
descent,C1,n.,,,,
designate,C1,v.,,,,
desirable,C1,adj.,,,,
desktop,C1,n.,,,,
destructive,C1,adj.,,,,
detain,C1,v.,,,,
detection,C1,n.,,,,
detention,C1,n.,,,,
deteriorate,C1,v.,,,,
devil,C1,n.,,,,
devise,C1,v.,,,,
diagnose,C1,v.,,,,
diagnosis,C1,n.,,,,
dictate,C1,v.,,,,
dictator,C1,n.,,,,
differentiate,C1,v.,,,,
dignity,C1,n.,,,,
dilemma,C1,n.,,,,
dimension,C1,n.,,,,
diminish,C1,v.,,,,
dip,C1,v.,,,,
diplomat,C1,n.,,,,
diplomatic,C1,n.,,,,
directory,C1,n.,,,,
disastrous,C1,adj.,,,,
discard,C1,v.,,,,
discharge,C1,v.,,,,
disclose,C1,v.,,,,
disclosure,C1,n.,,,,
discourse,C1,n.,,,,
discretion,C1,n.,,,,
discrimination,C1,n.,,,,
dismissal,C1,n.,,,,
displace,C1,v.,,,,
disposal,C1,n.,,,,
dispose,C1,v.,,,,
dispute,C1,n.,v.,,,
disrupt,C1,v.,,,,
disruption,C1,n.,,,,
dissolve,C1,v.,,,,
distinction,C1,n.,,,,
distinctive,C1,adj.,,,,
distort,C1,v.,,,,
distress,C1,n.,v.,,,
disturbing,C1,adj.,,,,
divert,C1,v.,,,,
divine,C1,adj.,,,,
doctrine,C1,n.,,,,
documentation,C1,n.,,,,
domain,C1,n.,,,,
dominance,C1,n.,,,,
donor,C1,n.,,,,
dose,C1,n.,,,,
drain,C1,v.,,,,
drift,C1,v.,,,,
driving,C1,adj.,,,,
drown,C1,v.,,,,
dual,C1,adj.,,,,
dub,C1,v.,,,,
dumb,C1,adj.,,,,
duo,C1,n.,,,,
dynamic,C1,n.,,,,
earnings,C1,n.,,,,
ease,C1,n.,v.,,,
echo,C1,v.,n.,,,
ecological,C1,adj.,,,,
educator,C1,n.,,,,
effectiveness,C1,n.,,,,
efficiency,C1,n.,,,,
ego,C1,n.,,,,
elaborate,C1,adj.,,,,
electoral,C1,adj.,,,,
elevate,C1,v.,,,,
eligible,C1,adj.,,,,
elite,C1,n.,,,,
embark,C1,v.,,,,
embarrassment,C1,n.,,,,
embassy,C1,n.,,,,
embody,C1,v.,,,,
emergence,C1,n.,,,,
empirical,C1,adj.,,,,
empower,C1,v.,,,,
enact,C1,v.,,,,
encompass,C1,v.,,,,
encouragement,C1,n.,,,,
encouraging,C1,adj.,,,,
endeavor,C1,n.,,,,
endless,C1,adj.,,,,
endorse,C1,v.,,,,
endorsement,C1,n.,,,,
endure,C1,v.,,,,
enforce,C1,v.,,,,
enforcement,C1,n.,,,,
engagement,C1,n.,,,,
engaging,C1,adj.,,,,
enrich,C1,v.,,,,
enroll,C1,v.,,,,
ensue,C1,v.,,,,
enterprise,C1,n.,,,,
enthusiast,C1,n.,,,,
entitle,C1,v.,,,,
entity,C1,n.,,,,
epidemic,C1,n.,,,,
equality,C1,n.,,,,
equation,C1,n.,,,,
erect,C1,v.,,,,
escalate,C1,v.,,,,
essence,C1,n.,,,,
establishment,C1,n.,,,,
eternal,C1,adj.,,,,
evacuate,C1,v.,,,,
evoke,C1,v.,,,,
evolutionary,C1,adj.,,,,
exaggerate,C1,v.,,,,
excellence,C1,n.,,,,
exceptional,C1,adj.,,,,
excess,C1,n.,adj.,,,
exclusion,C1,n.,,,,
exclusive,C1,adj.,,,,
exclusively,C1,adv.,,,,
execute,C1,v.,,,,
execution,C1,n.,,,,
exert,C1,v.,,,,
exile,C1,n.,,,,
expenditure,C1,n.,,,,
experimental,C1,adj.,,,,
expire,C1,v.,,,,
explicit,C1,adj.,,,,
explicitly,C1,adv.,,,,
exploitation,C1,n.,,,,
explosive,C1,adj.,n.,,,
extract,C1,v.,,,,
extremist,C1,n.,,,,
facilitate,C1,v.,,,,
faction,C1,n.,,,,
fade,C1,v.,,,,
fairness,C1,n.,,,,
fatal,C1,adj.,,,,
fate,C1,n.,,,,
favorable,C1,adj.,,,,
feat,C1,n.,,,,
felony,C1,n.,,,,
feminist,C1,adj.,n.,,,
fiber,C1,n.,,,,
fierce,C1,adj.,,,,
filmmaker,C1,n.,,,,
filter,C1,n.,v.,,,
fine,C1,n.,v.,,,
firearm,C1,n.,,,,
fiscal,C1,adj.,,,,
fit,C1,n.,,,,
flaw,C1,n.,,,,
flawed,C1,adj.,,,,
flee,C1,v.,,,,
fleet,C1,n.,,,,
flesh,C1,n.,,,,
flexibility,C1,n.,,,,
flourish,C1,v.,,,,
fluid,C1,n.,,,,
footage,C1,n.,,,,
foreigner,C1,n.,,,,
forge,C1,v.,,,,
formula,C1,n.,,,,
formulate,C1,v.,,,,
forth,C1,adv.,,,,
forthcoming,C1,adj.,,,,
foster,C1,v.,,,,
fragile,C1,adj.,,,,
franchise,C1,n.,,,,
frankly,C1,adv.,,,,
freshman,C1,n.,,,,
frustrated,C1,adj.,,,,
frustrating,C1,adj.,,,,
frustration,C1,n.,,,,
functional,C1,adj.,,,,
fundraising,C1,n.,,,,
funeral,C1,n.,,,,
gambling,C1,n.,,,,
gathering,C1,n.,,,,
gaze,C1,n.,v.,,,
gear,C1,n.,,,,
generic,C1,adj.,,,,
genocide,C1,n.,,,,
gig,C1,n.,,,,
glance,C1,n.v.,v.,,,
glimpse,C1,n.,,,,
glorious,C1,adj.,,,,
glory,C1,n.,,,,
governance,C1,n.,,,,
grace,C1,n.,,,,
grasp,C1,v.,,,,
grave,C1,n.,,,,(for dead person)
grave,C1,adj.,,,,(serious)
gravity,C1,n.,,,,
grid,C1,n.,,,,
grief,C1,n.,,,,
grin,C1,v.,n.,,,
grind,C1,v.,,,,
grip,C1,n.,v.,,,
gross,C1,adj.,,,,
guerrilla,C1,n.,,,,
guidance,C1,n.,,,,
guilt,C1,n.,,,,
gut,C1,n.,,,,
hail,C1,v.,,,,
halfway,C1,adv.,,,,
halt,C1,v.,n.,,,
handful,C1,n.,,,,
handling,C1,n.,,,,
handy,C1,adj.,,,,
harassment,C1,n.,,,,
hardware,C1,n.,,,,
harmony,C1,n.,,,,
harsh,C1,adj.,,,,
harvest,C1,n.,v.,,,
hatred,C1,n.,,,,
haunt,C1,v.,,,,
hazard,C1,n.,,,,
heighten,C1,v.,,,,
heritage,C1,n.,,,,
hierarchy,C1,n.,,,,
high-profile,C1,adj.,,,,
hint,C1,n.,v.,,,
homeland,C1,n.,,,,
hook,C1,v.,,,,
hopeful,C1,adj.,,,,
horizon,C1,n.,,,,
horn,C1,n.,,,,
hostage,C1,n.,,,,
hostile,C1,adj.,,,,
hostility,C1,n.,,,,
humanitarian,C1,adj.,,,,
humanity,C1,n.,,,,
humble,C1,adj.,,,,
hydrogen,C1,n.,,,,
identification,C1,n.,,,,
ideological,C1,adj.,,,,
ideology,C1,n.,,,,
idiot,C1,n.,,,,
ignorance,C1,n.,,,,
imagery,C1,n.,,,,
immense,C1,adj.,,,,
imminent,C1,adj.,,,,
implementation,C1,n.,,,,
imprison,C1,v.,,,,
inability,C1,n.,,,,
inadequate,C1,adj.,,,,
inappropriate,C1,adj.,,,,
incarcerate,C1,v.,,,,
incarceration,C1,n.,,,,
incidence,C1,n.,,,,
inclined,C1,adj.,,,,
inclusion,C1,n.,,,,
incur,C1,v.,,,,
indicator,C1,n.,,,,
indictment,C1,n.,,,,
indigenous,C1,adj.,,,,
induce,C1,v.,,,,
indulge,C1,v.,,,,
inequality,C1,n.,,,,
infamous,C1,adj.,,,,
infant,C1,n.,,,,
infect,C1,v.,,,,
inflict,C1,v.,,,,
influential,C1,adj.,,,,
inherent,C1,adj.,,,,
inhibit,C1,v.,,,,
initiate,C1,v.,,,,
inject,C1,v.,,,,
injection,C1,n.,,,,
injustice,C1,n.,,,,
inmate,C1,n.,,,,
inquire,C1,v.,,,,
insertion,C1,n.,,,,
insider,C1,n.,,,,
inspect,C1,v.,,,,
inspection,C1,n.,,,,
inspiration,C1,n.,,,,
instinct,C1,n.,,,,
institutional,C1,adj.,,,,
instruct,C1,v.,,,,
instrumental,C1,adj.,,,,
insufficient,C1,adj.,,,,
insult,C1,n.,v.,,,
intact,C1,adj.,,,,
intake,C1,n.,,,,
integral,C1,adj.,,,,
integration,C1,n.,,,,
integrity,C1,n.,,,,
intellectual,C1,n.,,,,
intensify,C1,v.,,,,
intensity,C1,n.,,,,
intensive,C1,adj.,,,,
intent,C1,n.,,,,
interactive,C1,adj.,,,,
interface,C1,n.,,,,
interfere,C1,v.,,,,
interference,C1,n.,,,,
interim,C1,adj.,,,,
interior,C1,adj.,n.,,,
intermediate,C1,adj.,,,,
intersection,C1,n.,,,,
intervene,C1,v.,,,,
intervention,C1,n.,,,,
intimate,C1,adj.,,,,
intriguing,C1,adj.,,,,
inventory,C1,n.,,,,
investigator,C1,n.,,,,
invisible,C1,adj.,,,,
invoke,C1,v.,,,,
involvement,C1,n.,,,,
ironic,C1,adj.,,,,
ironically,C1,adv.,,,,
irony,C1,n.,,,,
irrelevant,C1,adj.,,,,
isolation,C1,n.,,,,
judicial,C1,adj.,,,,
jurisdiction,C1,n.,,,,
just,C1,adj.,,,,
justification,C1,n.,,,,
keen,C1,adj.,,,,
kidnap,C1,v.,,,,
kidney,C1,n.,,,,
kingdom,C1,n.,,,,
landlord,C1,n.,,,,
landmark,C1,n.,,,,
lap,C1,n.,,,,
large-scale,C1,adj.,,,,
laser,C1,n.,,,,
latter,C1,adj.,n.,,,
lawmaker,C1,n.,,,,
lawn,C1,n.,,,,
lawsuit,C1,n.,,,,
layout,C1,n.,,,,
leak,C1,v.,n.,,,
leap,C1,v.,n.,,,
legacy,C1,n.,,,,
legendary,C1,adj.,,,,
legislation,C1,n.,,,,
legislative,C1,adj.,,,,
legislature,C1,n.,,,,
legitimate,C1,adj.,,,,
lengthy,C1,adj.,,,,
lesbian,C1,adj.,,,,
lesser,C1,adj.,,,,
lethal,C1,adj.,,,,
liable,C1,adj.,,,,
liberal,C1,adj.,n.,,,
liberation,C1,n.,,,,
liberty,C1,n.,,,,
lifelong,C1,adj.,,,,
likelihood,C1,n.,,,,
limb,C1,n.,,,,
linear,C1,adj.,,,,
lineup,C1,n.,,,,
linger,C1,v.,,,,
listing,C1,n.,,,,
liter,C1,n.,,,,
literacy,C1,n.,,,,
liver,C1,n.,,,,
lobby,C1,n.,v.,,,
log,C1,n.,v.,,,
logic,C1,n.,,,,
long-standing,C1,adj.,,,,
longtime,C1,adj.,,,,
loom,C1,v.,,,,
loop,C1,n.,,,,
loyalty,C1,n.,,,,
machinery,C1,n.,,,,
magical,C1,adj.,,,,
magnetic,C1,adj.,,,,
magnificent,C1,adj.,,,,
magnitude,C1,n.,,,,
mainland,C1,n.,,,,
mainstream,C1,n.,adj.,,,
maintenance,C1,n.,,,,
mandate,C1,n.,,,,
mandatory,C1,adj.,,,,
manifest,C1,v.,,,,
manipulate,C1,v.,,,,
manipulation,C1,n.,,,,
manuscript,C1,n.,,,,
march,C1,n.,v.,,,
marginal,C1,adj.,,,,
marine,C1,adj.,,,,
marketplace,C1,n.,,,,
mask,C1,n.,,,,
massacre,C1,n.,,,,
mathematical,C1,adj.,,,,
mature,C1,adj.,v.,,,
maximize,C1,v.,,,,
meaningful,C1,adj.,,,,
meantime,C1,n.,,,,
medieval,C1,adj.,,,,
meditation,C1,n.,,,,
melody,C1,n.,,,,
memo,C1,n.,,,,
memoir,C1,n.,,,,
memorial,C1,n.,,,,
mentor,C1,n.,,,,
merchant,C1,n.,,,,
mercy,C1,n.,,,,
mere,C1,adj.,,,,
merely,C1,adv.,,,,
merge,C1,v.,,,,
merger,C1,n.,,,,
merit,C1,n.,,,,
methodology,C1,n.,,,,
midst,C1,n.,,,,
migration,C1,n.,,,,
militant,C1,n.,adj.,,,
militia,C1,n.,,,,
mill,C1,n.,,,,
minimal,C1,adj.,,,,
minimize,C1,v.,,,,
mining,C1,n.,,,,
ministry,C1,n.,,,,
minute2,C1,adj.,,,,
miracle,C1,n.,,,,
misery,C1,n.,,,,
misleading,C1,adj.,,,,
missile,C1,n.,,,,
mob,C1,n.,,,,
mobile,C1,adj.,,,,
mobility,C1,n.,,,,
mobilize,C1,v.,,,,
moderate,C1,adj.,,,,
modification,C1,n.,,,,
module,C1,n.,,,,
momentum,C1,n.,,,,
monk,C1,n.,,,,
monopoly,C1,n.,,,,
morality,C1,n.,,,,
motive,C1,n.,,,,
municipal,C1,adj.,,,,
mutual,C1,adj.,,,,
namely,C1,adv.,,,,
nationwide,C1,adj.,,,,
naval,C1,adj.,,,,
neglect,C1,v.,,,,
neighboring,C1,adj.,,,,
nest,C1,n.,,,,
net,C1,adj.,,,,
newsletter,C1,n.,,,,
niche,C1,n.,,,,
noble,C1,adj.,,,,
nod,C1,v.,,,,
nominate,C1,v.,,,,
nomination,C1,n.,,,,
nominee,C1,n.,,,,
nonetheless,C1,adv.,,,,
nonprofit,C1,adj.,,,,
nonsense,C1,n.,,,,
noon,C1,n.,,,,
notable,C1,adj.,,,,
notably,C1,adv.,,,,
notify,C1,v.,,,,
notorious,C1,adj.,,,,
novel,C1,adj.,,,,
nursery,C1,n.,,,,
objection,C1,n.,,,,
oblige,C1,v.,,,,
obsess,C1,v.,,,,
obsession,C1,n.,,,,
occasional,C1,adj.,,,,
occurrence,C1,n.,,,,
odds,C1,n.,,,,
offering,C1,n.,,,,
offspring,C1,n.,,,,
operational,C1,adj.,,,,
opt,C1,v.,,,,
optical,C1,adj.,,,,
optimism,C1,n.,,,,
oral,C1,adj.,,,,
organizational,C1,adj.,,,,
orientation,C1,n.,,,,
originate,C1,v.,,,,
outbreak,C1,n.,,,,
outing,C1,n.,,,,
outlet,C1,n.,,,,
outlook,C1,n.,,,,
outrage,C1,n.,v.,,,
outsider,C1,n.,,,,
overlook,C1,v.,,,,
overly,C1,adv.,,,,
oversee,C1,v.,,,,
overturn,C1,v.,,,,
overwhelm,C1,v.,,,,
overwhelming,C1,adj.,,,,
pad,C1,n.,,,,
parameter,C1,n.,,,,
parental,C1,adj.,,,,
parliament,C1,n.,,,,
partial,C1,adj.,,,,
partially,C1,adv.,,,,
passing,C1,n.,,,,
passive,C1,adj.,,,,
pastor,C1,n.,,,,
patent,C1,n.,,,,
pathway,C1,n.,,,,
patrol,C1,n.,v.,,,
patron,C1,n.,,,,
peak,C1,n.,,,,
peasant,C1,n.,,,,
peculiar,C1,adj.,,,,
pension1,C1,n.,,,,
persist,C1,v.,,,,
persistent,C1,adj.,,,,
personnel,C1,n.,,,,
petition,C1,n.,,,,
philosopher,C1,n.,,,,
philosophical,C1,adj.,,,,
pioneer,C1,n.,v.,,,
pipeline,C1,n.,,,,
pirate,C1,n.,,,,
pit,C1,n.,,,,
plea,C1,n.,,,,
plead,C1,v.,,,,
pledge,C1,v.,n.,,,
plug,C1,v.,n.,,,
plunge,C1,v.,,,,
pole,C1,n.,,,,
poll,C1,n.,,,,
pond,C1,n.,,,,
pop,C1,v.,,,,
portfolio,C1,n.,,,,
portray,C1,v.,,,,
postpone,C1,v.,,,,
postwar,C1,adj.,,,,
practitioner,C1,n.,,,,
preach,C1,v.,,,,
precedent,C1,n.,,,,
precision,C1,n.,,,,
predator,C1,n.,,,,
predecessor,C1,n.,,,,
predominantly,C1,adv.,,,,
pregnancy,C1,n.,,,,
prejudice,C1,n.,,,,
preliminary,C1,adj.,,,,
premier,C1,n.,,,,
premise,C1,n.,,,,
premium,C1,n.,,,,
prescribe,C1,v.,,,,
prescription,C1,n.,,,,
presently,C1,adv.,,,,
preservation,C1,n.,,,,
preside,C1,v.,,,,
presidency,C1,n.,,,,
prestigious,C1,adj.,,,,
presumably,C1,adv.,,,,
presume,C1,v.,,,,
prevail,C1,v.,,,,
prevalence,C1,n.,,,,
prevention,C1,n.,,,,
prey,C1,n.,,,,
privatization,C1,n.,,,,
privilege,C1,n.,,,,
probe,C1,n.,v.,,,
problematic,C1,adj.,,,,
proceeding,C1,n.,,,,
proceeds,C1,n.,,,,
processing,C1,n.,,,,
processor,C1,n.,,,,
proclaim,C1,v.,,,,
productive,C1,adj.,,,,
productivity,C1,n.,,,,
profound,C1,adj.,,,,
projection,C1,n.,,,,
prominent,C1,adj.,,,,
pronounced,C1,adj.,,,,
propaganda,C1,n.,,,,
proposition,C1,n.,,,,
prosecute,C1,v.,,,,
prosecution,C1,n.,,,,
prosecutor,C1,n.,,,,
prospective,C1,adj.,,,,
prosperity,C1,n.,,,,
protective,C1,adj.,,,,
protocol,C1,n.,,,,
province,C1,n.,,,,
provincial,C1,adj.,,,,
provision,C1,n.,,,,
provoke,C1,v.,,,,
psychiatric,C1,adj.,,,,
pulse,C1,n.,,,,
pump,C1,v.,n.,,,
punch,C1,n.,v.,,,
query,C1,n.,,,,
quest,C1,n.,,,,
quota,C1,n.,,,,
radar,C1,n.,,,,
radical,C1,adj.,,,,
rage,C1,n.,,,,
raid,C1,n.,v.,,,
rally,C1,n.,v.,,,
ranking,C1,n.,,,,
rape,C1,n.,v.,,,
ratio,C1,n.,,,,
rational,C1,adj.,,,,
ray,C1,n.,,,,
readily,C1,adv.,,,,
realization,C1,n.,,,,
realm,C1,n.,,,,
rear,C1,adj.,n.,,,
reasoning,C1,n.,,,,
reassure,C1,v.,,,,
rebel,C1,n.,,,,
rebellion,C1,n.,,,,
recipient,C1,n.,,,,
reconstruction,C1,n.,,,,
recount1,C1,v.,,,,
recruitment,C1,n.,,,,
referendum,C1,n.,,,,
reflection,C1,n.,,,,
reform,C1,n.,v.,,,
refuge,C1,n.,,,,
refusal,C1,n.,,,,
regain,C1,v.,,,,
regardless,C1,adv.,,,,
regime,C1,n.,,,,
regulator,C1,n.,,,,
regulatory,C1,adj.,,,,
rehabilitation,C1,n.,,,,
reign,C1,n.,v.,,,
rejection,C1,n.,,,,
relevance,C1,n.,,,,
reliability,C1,n.,,,,
reluctant,C1,adj.,,,,
remainder,C1,n.,,,,
remains,C1,n.,,,,
remedy,C1,n.,,,,
reminder,C1,n.,,,,
removal,C1,n.,,,,
render,C1,v.,,,,
renew,C1,v.,,,,
renowned,C1,adj.,,,,
replacement,C1,n.,,,,
reportedly,C1,adv.,,,,
representation,C1,n.,,,,
reproduce,C1,v.,,,,
reproduction,C1,n.,,,,
republic,C1,n.,,,,
resemble,C1,v.,,,,
reside,C1,v.,,,,
residence,C1,n.,,,,
residential,C1,adj.,,,,
residue,C1,n.,,,,
resignation,C1,n.,,,,
resistance,C1,n.,,,,
respective,C1,adj.,,,,
respectively,C1,adv.,,,,
restoration,C1,n.,,,,
restraint,C1,n.,,,,
resume,C1,v.,,,,
retreat,C1,n.,v.,,,
retrieve,C1,v.,,,,
revelation,C1,n.,,,,
revenge,C1,n.,,,,
reverse,C1,v.,n.,,,
revival,C1,n.,,,,
revive,C1,v.,,,,
revolutionary,C1,adj.,,,,
rhetoric,C1,n.,,,,
rifle,C1,n.,,,,
riot,C1,n.,,,,
rip,C1,v.,,,,
ritual,C1,n.,,,,
robust,C1,adj.,,,,
rock,C1,v.,,,,
rod,C1,n.,,,,
rookie,C1,n.,,,,
roster,C1,n.,,,,
rotate,C1,v.,,,,
rotation,C1,n.,,,,
ruling,C1,n.,,,,
rumor,C1,n.,,,,
sacred,C1,adj.,,,,
sacrifice,C1,n.,v.,,,
saint,C1,n.,,,,
sake,C1,n.,,,,
sanction,C1,n.,,,,
say,C1,n.,,,,
scattered,C1,adj.,,,,
scope,C1,n.,,,,
screw,C1,v.,n.,,,
scrutiny,C1,n.,,,,
seal,C1,v.,n.,,,
secondly,C1,adv.,,,,
secular,C1,adj.,,,,
seemingly,C1,adv.,,,,
segment,C1,n.,,,,
seize,C1,v.,,,,
seldom,C1,adv.,,,,
selective,C1,adj.,,,,
sensation,C1,n.,,,,
sensitivity,C1,n.,,,,
sentiment,C1,n.,,,,
separation,C1,n.,,,,
serial,C1,adj.,,,,
settlement,C1,n.,,,,
setup,C1,n.,,,,
sexuality,C1,n.,,,,
shareholder,C1,n.,,,,
shatter,C1,v.,,,,
shed,C1,v.,,,,
sheer,C1,adj.,,,,
shipping,C1,n.,,,,
shoot,C1,n.,,,,
shrink,C1,v.,,,,
shrug,C1,v.,,,,
sigh,C1,v.,n.,,,
simulate,C1,v.,,,,
simulation,C1,n.,,,,
simultaneously,C1,adv.,,,,
sin,C1,n.,,,,
situated,C1,adj.,,,,
skeptical,C1,adj.,,,,
sketch,C1,n.,,,,
skip,C1,v.,,,,
slam,C1,v.,,,,
slap,C1,v.,,,,
slash,C1,v.,,,,
slavery,C1,n.,,,,
slot,C1,n.,,,,
smash,C1,v.,,,,
snap,C1,v.,,,,
soak,C1,v.,,,,
soar,C1,v.,,,,
socialist,C1,adj.,,,,
sole,C1,adj.,,,,
solely,C1,adv.,,,,
solidarity,C1,n.,,,,
solo,C1,adj.,n.,,,
sophomore,C1,n.,,,,
sound,C1,adj.,,,,
sovereignty,C1,n.,,,,
spam,C1,n.,,,,
span,C1,v.,n.,,,
spare,C1,v.,,,,
spark,C1,v.,,,,
specialized,C1,adj.,,,,
specification,C1,n.,,,,
specimen,C1,n.,,,,
spectacle,C1,n.,,,,
spectrum,C1,n.,,,,
spell,C1,n.,,,,
sphere,C1,n.,,,,
spin,C1,v.,n.,,,
spine,C1,n.,,,,
spotlight,C1,n.,,,,
spouse,C1,n.,,,,
spy,C1,n.,v.,,,
squad,C1,n.,,,,
squeeze,C1,v.,,,,
stab,C1,v.,,,,
stability,C1,n.,,,,
stabilize,C1,v.,,,,
stake,C1,n.,,,,
standing,C1,adj.,,,,
stark,C1,adj.,,,,
statistical,C1,adj.,,,,
steer,C1,v.,,,,
stem,C1,n.,v.,,,
stereotype,C1,n.,,,,
stimulus,C1,n.,,,,
stir,C1,v.,,,,
storage,C1,n.,,,,
straightforward,C1,adj.,,,,
strain,C1,n.,,,,
strand,C1,n.,,,,
strategic,C1,adj.,,,,
striking,C1,adj.,,,,
strip,C1,n.,,,,(long narrow piece)
strip,C1,v.,,,,
strive,C1,v.,,,,
structural,C1,adj.,,,,
stumble,C1,v.,,,,
stun,C1,v.,,,,
submission,C1,n.,,,,
subscriber,C1,n.,,,,
subscription,C1,n.,,,,
subsidy,C1,n.,,,,
substantial,C1,adj.,,,,
substantially,C1,adv.,,,,
substitute,C1,n.,v.,,,
substitution,C1,n.,,,,
subtle,C1,adj.,,,,
suburban,C1,adj.,,,,
succession,C1,n.,,,,
successive,C1,adj.,,,,
successor,C1,n.,,,,
suck,C1,v.,,,,
sue,C1,v.,,,,
suicide,C1,n.,,,,
suite,C1,n.,,,,
summit,C1,n.,,,,
superb,C1,adj.,,,,
superintendent,C1,n.,,,,
superior,C1,adj.,,,,
supervise,C1,v.,,,,
supervision,C1,n.,,,,
supervisor,C1,n.,,,,
supplement,C1,n.,v.,,,
supportive,C1,adj.,,,,
supposedly,C1,adv.,,,,
suppress,C1,v.,,,,
supreme,C1,adj.,,,,
surge,C1,n.,v.,,,
surgical,C1,adj.,,,,
surplus,C1,n.,,,,
surrender,C1,v.,,,,
surveillance,C1,n.,,,,
suspension,C1,n.,,,,
suspicion,C1,n.,,,,
suspicious,C1,adj.,,,,
sustain,C1,v.,,,,
swing,C1,v.,n.,,,
sword,C1,n.,,,,
symbolic,C1,adj.,,,,
syndrome,C1,n.,,,,
synthesis,C1,n.,,,,
systematic,C1,adj.,,,,
tackle,C1,n.,,,,
tactic,C1,n.,,,,
tactical,C1,adj.,,,,
taxpayer,C1,n.,,,,
tempt,C1,v.,,,,
tenant,C1,n.,,,,
tender,C1,adj.,,,,
tenure,C1,n.,,,,
terminal,C1,adj.,,,,
terminate,C1,v.,,,,
terrain,C1,n.,,,,
terrific,C1,adj.,,,,
testify,C1,v.,,,,
testimony,C1,n.,,,,
texture,C1,n.,,,,
thankfully,C1,adv.,,,,
theatrical,C1,adj.,,,,
theology,C1,n.,,,,
theoretical,C1,adj.,,,,
thereafter,C1,adv.,,,,
thereby,C1,adv.,,,,
thoughtful,C1,adj.,,,,
thought-provoking,C1,adj.,,,,
trauma,C1,n.,,,,
utilize,C1,v.,,,,
ward,C1,n.,,,,
threshold,C1,n.,,,,
treaty,C1,n.,,,,
utterly,C1,adv.,,,,
warehouse,C1,n.,,,,
thrilled,C1,adj.,,,,
tremendous,C1,adj.,,,,
vacuum,C1,n.,,,,
warfare,C1,n.,,,,
thrive,C1,v.,,,,
tribal,C1,adj.,,,,
vague,C1,adj.,,,,
warrant,C1,n.,v.,,,
tide,C1,n.,,,,
tribute,C1,n.,,,,
validity,C1,n.,,,,
warrior,C1,n.,,,,
tighten,C1,v.,,,,
trigger,C1,n.,,,,
vanish,C1,v.,,,,
weaken,C1,v.,,,,
timber,C1,n.,,,,
trio,C1,n.,,,,
variable,C1,n.,adj.,,,
weave,C1,v.,,,,
timely,C1,adj.,,,,
triumph,C1,n.,,,,
varied,C1,adj.,,,,
weed,C1,n.,,,,
tobacco,C1,n.,,,,
trophy,C1,n.,,,,
vein,C1,n.,,,,
well,C1,n.,,,,
tolerance,C1,n.,,,,
troubled,C1,adj.,,,,
venture,C1,n.,v.,,,
well-being,C1,n.,,,,
tolerate,C1,v.,,,,
trustee,C1,n.,,,,
verbal,C1,adj.,,,,
whatsoever,C1,adv.,,,,
toll,C1,n.,,,,
tuition,C1,n.,,,,
verdict,C1,n.,,,,
whereby,C1,adv.,,,,
top,C1,v.,,,,
tumor,C1,n.,,,,
verify,C1,v.,,,,
whip,C1,v.,,,,
torture,C1,n.,v.,,,
turnout,C1,n.,,,,
verse,C1,n.,,,,
wholly,C1,adv.,,,,
toss,C1,v.,,,,
turnover,C1,n.,,,,
versus,C1,conj.,,,,
widen,C1,v.,,,,
total,C1,v.,,,,
twist,C1,v.,n.,,,
vessel,C1,n.,,,,
widow,C1,n.,,,,
toxic,C1,adj.,,,,
unconstitutional,C1,adj.,,,,
veteran,C1,n.,,,,
width,C1,n.,,,,
trace,C1,n.,,,,
undergraduate,C1,n.,,,,
viable,C1,adj.,,,,
willingness,C1,n.,,,,
trademark,C1,n.,,,,
underlying,C1,adj.,,,,
vibrant,C1,adj.,,,,
wipe,C1,v.,,,,
trail,C1,n.,v.,,,
undermine,C1,v.,,,,
vice,C1,n.,,,,
wit,C1,n.,,,,
trailer,C1,n.,,,,
undoubtedly,C1,adv.,,,,
vicious,C1,adj.,,,,
withdrawal,C1,n.,,,,
transaction,C1,n.,,,,
unify,C1,v.,,,,
violate,C1,v.,,,,
workout,C1,n.,,,,
transcript,C1,n.,,,,
unprecedented,C1,adj.,,,,
violation,C1,n.,,,,
worship,C1,n.,v.,,,
transformation,C1,n.,,,,
unveil,C1,v.,,,,
virtue,C1,n.,,,,
worthwhile,C1,adj.,,,,
transit,C1,n.,,,,
upcoming,C1,adj.,,,,
vocal,C1,adj.,,,,
worthy,C1,adj.,,,,
transmission,C1,n.,,,,
upgrade,C1,v.,n.,,,
vow,C1,v.,,,,
yell,C1,v.,,,,
transparency,C1,n.,,,,
uphold,C1,v.,,,,
vulnerability,C1,n.,,,,
yield,C1,n.,v.,,,
transparent,C1,adj.,,,,
utility,C1,n.,,,,
vulnerable,C1,adj.,,,,